ethnicity,race,gender,action_taken,preapproval_requested,loan_type,loan_purpose,loan_to_value_ratio,interest_only_payment,balloon_payment,debt_to_income_ratio,age,income,derived_loan_to_value_ratio
0,1,1,1,0,1,1.0,90.0,0.0,0,4,1,4,3
0,1,1,0,0,1,3.0,53.24,0.0,0,4,2,4,2
1,1,1,1,0,1,1.0,79.99,0.0,0,4,2,3,2
0,1,1,1,0,1,1.0,95.0,0.0,0,1,3,3,3
1,1,0,1,0,1,1.0,58.06,0.0,0,4,2,2,2
0,1,0,1,0,1,3.0,42.16,0.0,0,4,2,2,2
0,1,1,0,0,1,1.0,80.0,0.0,0,1,2,3,2
1,1,0,1,0,1,1.0,62.07,0.0,0,1,2,4,2
0,1,1,1,0,1,1.0,90.0,0.0,0,2,1,3,3
0,4,0,0,0,1,3.0,78.0,0.0,0,2,3,2,2
0,1,1,1,0,2,1.0,100.0,0.0,0,2,2,4,4
0,1,1,1,0,1,3.0,71.0,0.0,0,3,2,4,2
0,3,1,0,0,1,3.0,80.0,0.0,0,1,3,2,2
0,1,1,0,0,1,1.0,82.52,0.0,0,4,3,4,3
0,1,0,1,0,1,3.0,79.81,0.0,0,4,3,4,2
0,3,1,0,0,1,3.0,80.0,0.0,0,2,2,3,2
0,2,0,1,0,1,1.0,75.0,0.0,0,4,2,3,2
0,3,1,0,0,1,3.0,80.0,0.0,0,3,3,1,2
0,1,1,0,0,2,3.0,100.0,0.0,0,4,3,2,4
0,1,1,0,0,1,3.0,79.03,0.0,0,5,1,3,2
0,3,0,0,0,1,3.0,77.19,0.0,0,6,1,3,2
0,1,0,1,0,1,3.0,72.82,0.0,0,2,2,3,2
0,1,0,0,0,1,3.0,66.4,0.0,0,3,3,4,2
0,1,1,1,0,1,3.0,49.23,0.0,0,2,2,4,2
1,1,0,0,0,1,3.0,78.23,0.0,0,4,2,2,2
0,1,0,1,0,1,3.0,79.66,0.0,0,3,2,2,2
0,1,1,1,0,1,3.0,80.0,0.0,0,4,1,3,2
0,1,1,0,0,1,3.0,64.37,0.0,0,3,2,3,2
0,1,1,0,0,1,3.0,70.65,0.0,0,4,3,3,2
0,1,1,1,0,1,3.0,80.0,0.0,0,4,2,3,2
0,1,0,1,0,1,3.0,76.88,0.0,0,4,2,2,2
0,1,1,0,0,1,3.0,80.0,0.0,0,3,1,3,2
1,1,1,0,0,1,3.0,96.6,0.0,0,4,2,3,4
0,1,0,1,0,1,1.0,84.0,0.0,0,3,1,3,3
0,1,0,1,0,1,3.0,80.0,0.0,0,4,2,2,2
0,1,1,0,0,1,2.0,85.93,0.0,0,1,2,4,3
0,3,0,0,0,1,2.0,53.846,0.0,0,5,2,2,2
0,3,0,0,0,1,4.0,82.718,0.0,0,4,2,3,3
0,1,1,0,0,1,4.0,88.404,0.0,0,4,2,4,3
1,1,0,0,0,1,2.0,84.77,0.0,0,5,2,3,3
0,1,1,0,0,1,4.0,30.0,0.0,0,6,3,1,2
0,1,0,1,0,1,3.0,79.592,0.0,0,5,2,4,2
1,3,0,0,0,1,3.0,88.105,0.0,0,1,3,4,3
0,1,1,1,0,1,2.0,29.0,0.0,0,2,3,3,2
0,1,1,1,0,1,2.0,8.0,0.0,0,2,3,2,2
1,1,1,1,0,1,2.0,74.0,0.0,0,4,2,2,2
1,1,1,1,0,1,1.0,52.0,0.0,0,2,2,3,2
1,1,0,1,0,1,2.0,58.0,0.0,0,4,3,1,2
1,1,1,1,0,1,3.0,62.0,0.0,0,4,2,2,2
0,1,0,1,0,1,2.0,24.0,0.0,0,4,3,1,2
1,1,0,1,0,1,3.0,66.0,0.0,0,2,3,4,2
0,1,0,1,0,1,2.0,19.0,0.0,0,3,3,1,2
0,1,1,1,0,1,3.0,78.0,0.0,0,1,3,4,2
0,1,0,1,0,1,3.0,79.0,0.0,0,3,2,3,2
0,1,0,1,0,1,2.0,45.0,0.0,0,3,1,3,2
0,3,0,1,0,1,2.0,63.0,0.0,0,4,2,2,2
1,1,0,1,0,1,3.0,66.0,0.0,0,4,3,2,2
0,3,0,1,0,1,2.0,12.0,0.0,0,4,2,3,2
1,1,0,1,0,1,3.0,29.0,0.0,0,2,3,2,2
1,1,0,1,1,1,1.0,78.0,0.0,0,4,2,2,2
0,1,1,1,1,1,1.0,77.0,0.0,0,1,2,2,2
1,1,1,1,0,1,1.0,90.0,0.0,0,2,2,3,3
0,1,1,0,0,1,1.0,90.0,0.0,1,5,2,4,3
0,1,0,1,1,1,1.0,68.75,0.0,0,4,1,2,2
0,1,1,1,0,1,3.0,57.895,0.0,0,4,1,3,2
0,1,0,1,0,1,3.0,56.818,0.0,0,3,3,1,2
0,3,1,1,0,1,1.0,57.0,0.0,0,4,3,4,2
0,1,1,1,0,1,3.0,80.0,0.0,0,3,3,3,2
0,3,0,1,0,1,3.0,57.609,0.0,0,3,3,3,2
1,1,0,1,0,1,3.0,55.97,0.0,0,3,2,2,2
0,1,1,1,0,1,3.0,57.778,0.0,0,4,3,2,2
0,1,1,1,1,1,1.0,67.282,0.0,0,2,2,2,2
0,1,1,1,0,1,1.0,81.667,0.0,0,3,1,1,3
0,1,0,1,1,1,1.0,68.75,0.0,0,4,2,1,2
0,1,1,1,0,1,3.0,47.619,0.0,0,2,2,3,2
1,1,1,1,0,1,3.0,73.871,0.0,0,2,1,3,2
1,1,1,1,0,1,3.0,66.265,0.0,0,3,1,3,2
0,1,1,1,1,1,1.0,59.596,0.0,0,2,1,2,2
1,1,1,1,0,1,3.0,55.34,0.0,0,4,1,2,2
0,1,0,1,1,1,1.0,80.0,0.0,0,3,3,2,2
0,1,0,1,0,1,3.0,59.259,0.0,0,4,1,2,2
0,1,0,1,1,1,1.0,63.83,0.0,0,4,1,3,2
0,1,0,0,0,1,1.0,81.522,0.0,0,1,2,4,3
1,1,0,1,1,1,1.0,68.182,0.0,0,4,1,1,2
0,1,0,1,0,1,3.0,45.455,0.0,0,1,3,4,2
1,1,0,1,0,1,3.0,37.162,0.0,0,4,2,2,2
0,1,1,1,1,1,1.0,80.0,0.0,0,4,2,3,2
0,1,1,1,1,1,1.0,57.927,0.0,0,2,3,3,2
0,1,1,1,0,1,1.0,90.0,0.0,0,4,2,4,3
0,1,1,1,0,1,3.0,54.839,0.0,0,4,2,2,2
0,1,1,1,1,1,1.0,80.0,0.0,0,4,1,3,2
0,1,1,1,0,1,1.0,80.0,0.0,0,4,1,3,2
0,1,1,1,0,2,1.0,100.0,0.0,0,5,2,3,4
0,1,1,1,0,1,1.0,80.0,0.0,0,4,1,3,2
0,1,0,1,0,1,3.0,75.074,0.0,0,4,1,3,2
1,1,1,1,0,1,1.0,89.254,0.0,0,4,1,2,3
0,1,1,1,0,1,3.0,79.762,0.0,0,2,2,3,2
0,1,0,1,0,1,3.0,47.692,0.0,0,1,3,3,2
0,1,1,1,0,1,1.0,90.0,0.0,0,3,1,2,3
0,1,1,1,0,1,1.0,80.0,0.0,0,4,1,2,2
0,1,0,1,0,1,1.0,80.0,0.0,0,4,3,3,2
0,2,1,1,0,1,1.0,70.0,0.0,0,4,2,4,2
0,2,1,1,0,1,1.0,70.0,0.0,0,4,2,4,2
0,2,1,1,0,1,1.0,69.42,0.0,0,4,2,4,2
0,1,0,1,0,1,1.0,80.0,0.0,0,4,1,3,2
0,1,1,1,0,1,1.0,80.0,0.0,0,1,3,4,2
0,1,1,1,0,1,1.0,80.0,0.0,0,1,2,4,2
0,1,1,1,0,1,1.0,74.999,0.0,0,3,3,4,2
0,1,1,1,0,2,1.0,100.0,0.0,0,4,2,3,4
0,1,1,1,0,1,4.0,78.94,1.0,0,2,3,3,2
1,1,1,1,0,1,1.0,95.0,0.0,0,4,2,2,3
0,3,1,0,0,3,1.0,102.604,0.0,0,4,2,2,1
1,1,1,1,0,2,1.0,100.0,0.0,0,4,2,2,4
0,3,0,1,0,1,1.0,97.0,0.0,0,2,2,3,4
0,1,0,0,0,1,4.0,80.0,0.0,0,6,1,2,2
0,1,0,0,0,1,3.0,60.61,0.0,0,3,2,3,2
0,3,0,0,0,1,3.0,62.22,0.0,0,4,3,1,2
0,1,1,0,0,1,3.0,42.2535,0.0,0,4,2,2,2
0,1,0,1,0,1,1.0,80.0,0.0,0,4,3,3,2
0,1,0,1,1,1,1.0,80.0,0.0,0,4,3,2,2
0,1,0,1,1,1,1.0,89.855,0.0,0,4,3,4,3
0,1,0,1,1,1,1.0,85.0,0.0,0,4,3,3,3
0,1,1,1,1,1,1.0,75.0,0.0,0,4,3,2,2
0,1,1,0,0,1,2.0,78.35,1.0,0,2,3,4,2
0,3,1,0,0,1,3.0,90.0,0.0,1,5,2,4,3
0,1,1,0,0,1,1.0,90.0,0.0,1,6,2,3,3
0,3,1,1,0,2,1.0,100.453,0.0,0,4,1,3,1
0,1,0,1,0,1,1.0,62.069,0.0,0,4,3,1,2
1,4,1,1,0,1,1.0,80.0,0.0,0,4,1,3,2
0,1,1,1,0,1,1.0,95.0,0.0,0,2,1,4,3
0,1,1,1,0,1,1.0,95.0,0.0,0,4,2,3,3
0,3,1,0,0,1,1.0,97.0,0.0,0,4,3,2,4
0,1,0,1,0,1,1.0,95.0,0.0,0,3,1,3,3
0,1,0,1,0,2,1.0,100.0,0.0,0,4,1,3,4
0,1,0,1,0,1,3.0,68.571,0.0,0,2,3,3,2
0,1,1,1,0,2,1.0,102.0,0.0,0,4,1,2,1
1,1,1,1,0,1,1.0,97.0,0.0,0,4,1,1,4
0,1,1,1,0,1,1.0,96.866,0.0,0,2,1,1,4
0,1,0,1,0,1,1.0,97.0,0.0,0,4,1,3,4
0,1,1,1,0,2,1.0,100.0,0.0,0,3,3,3,4
0,1,1,1,0,2,1.0,100.0,0.0,0,4,2,3,4
0,1,1,1,0,2,1.0,100.0,0.0,0,2,2,3,4
0,1,1,1,0,2,1.0,100.0,0.0,0,4,3,2,4
0,1,0,1,0,1,1.0,97.0,0.0,0,4,1,3,4
0,3,0,1,0,1,1.0,101.85,0.0,0,4,2,2,1
0,1,0,1,0,1,1.0,80.0,0.0,0,4,2,3,2
1,1,1,1,0,1,1.0,96.966,0.0,0,3,2,2,4
0,3,1,1,0,2,1.0,103.0,0.0,0,4,3,2,1
0,1,1,1,1,2,1.0,90.0,0.0,0,4,1,3,3
0,1,1,1,1,1,1.0,80.0,0.0,0,2,1,3,2
0,1,1,1,1,1,1.0,59.091,0.0,0,4,2,4,2
0,1,1,0,0,1,1.0,98.75,0.0,0,4,2,4,4
0,1,1,1,1,1,1.0,95.0,0.0,0,4,2,4,3
0,2,1,1,0,1,1.0,90.0,0.0,0,4,2,2,3
0,3,0,1,0,1,1.0,97.78,0.0,0,4,3,2,4
0,2,1,1,0,1,1.0,80.0,0.0,0,2,2,4,2
1,1,0,1,0,1,1.0,101.74,0.0,0,4,2,1,1
0,1,1,0,0,1,1.0,90.0,0.0,0,4,2,3,3
1,1,0,0,0,1,1.0,96.0,0.0,0,4,3,3,3
0,1,1,0,0,2,1.0,100.0,0.0,0,4,3,2,4
0,1,0,1,0,3,1.0,97.872,0.0,0,4,1,2,4
0,3,1,1,0,1,1.0,100.122,0.0,0,5,2,3,1
0,1,1,0,0,2,1.0,100.0,0.0,0,4,2,3,4
0,1,0,1,0,2,1.0,100.0,0.0,0,4,3,2,4
0,1,1,1,0,1,1.0,85.0,0.0,0,4,2,3,3
0,1,1,0,0,2,1.0,105.688,0.0,0,3,1,2,1
0,3,1,1,0,2,1.0,100.0,0.0,0,4,2,3,4
0,1,1,1,0,2,1.0,100.0,0.0,0,4,2,3,4
0,1,0,0,0,1,3.0,50.0,0.0,0,4,3,2,2
0,3,1,1,0,3,1.0,100.238,0.0,0,2,2,3,1
0,1,0,1,0,3,1.0,100.951,0.0,0,3,3,3,1
0,1,0,1,0,3,1.0,101.01,0.0,0,4,1,2,1
1,1,1,1,0,1,3.0,79.554,0.0,0,4,3,3,2
1,1,0,1,0,1,1.0,65.789,0.0,0,4,2,3,2
0,2,0,1,0,1,1.0,75.0,0.0,0,4,2,3,2
0,3,0,0,0,1,1.0,90.0,0.0,0,4,3,3,3
0,1,1,1,0,1,3.0,83.943,0.0,0,4,2,4,3
0,1,1,1,0,1,3.0,162.0,0.0,0,3,3,3,1
0,1,1,1,0,1,1.0,85.0,0.0,0,3,2,4,3
0,1,1,1,0,1,1.0,80.0,0.0,0,4,1,4,2
1,1,1,1,0,1,1.0,80.0,0.0,0,1,2,2,2
0,3,1,1,1,2,1.0,100.0,0.0,0,5,2,3,4
1,1,1,1,1,1,1.0,79.0514,0.0,0,4,2,2,2
0,1,0,1,0,1,3.0,68.889,0.0,0,4,3,3,2
0,1,0,1,0,1,1.0,80.0,0.0,0,4,1,3,2
1,1,1,0,0,1,1.0,93.0,0.0,0,1,1,2,3
1,1,1,1,0,1,4.0,80.0,0.0,1,4,2,4,2
0,1,0,0,0,1,3.0,75.0,0.0,0,4,2,3,2
1,1,1,0,0,1,1.0,90.498,0.0,0,4,2,2,3
0,1,0,0,0,1,1.0,97.0,0.0,0,4,2,3,4
0,1,0,1,0,1,1.0,80.0,0.0,0,3,2,4,2
0,1,0,1,0,1,1.0,90.0,0.0,0,4,1,2,3
1,1,1,1,0,1,1.0,95.0,0.0,0,4,2,2,3
0,1,1,1,0,1,1.0,53.521,0.0,0,1,3,4,2
0,1,0,1,0,1,1.0,80.0,0.0,0,4,1,2,2
0,1,0,1,0,1,1.0,95.0,0.0,0,3,2,3,3
0,1,0,1,0,1,1.0,82.233,0.0,0,4,2,4,3
0,1,0,1,0,1,1.0,65.714,0.0,0,2,3,2,2
0,1,0,1,0,1,1.0,80.0,0.0,0,4,2,2,2
0,3,0,1,0,1,1.0,75.0,0.0,0,2,2,4,2
0,1,1,1,1,1,1.0,80.0,0.0,0,4,2,3,2
0,1,1,1,0,2,3.0,82.3,0.0,0,3,3,3,3
1,1,1,1,0,1,1.0,97.0,0.0,0,3,1,2,4
0,1,1,1,0,1,1.0,95.0,0.0,0,4,1,3,3
0,1,1,1,0,1,1.0,95.0,0.0,0,4,1,2,3
0,1,1,1,0,1,1.0,97.0,0.0,0,4,1,3,4
1,1,1,1,0,1,1.0,97.0,0.0,0,4,3,1,4
0,1,1,1,0,1,3.0,65.005,0.0,0,4,2,3,2
0,1,1,1,1,2,1.0,100.0,0.0,0,6,3,3,4
0,1,1,1,0,2,1.0,95.0,0.0,0,5,2,4,3
0,1,1,1,1,2,1.0,100.0,0.0,0,4,1,2,4
0,1,1,1,0,1,1.0,80.0,0.0,0,1,2,3,2
0,1,1,1,0,1,1.0,100.427,0.0,1,3,2,2,1
0,1,0,1,0,1,1.0,95.0,0.0,0,1,3,4,3
0,1,0,1,0,1,1.0,100.427,0.0,1,4,1,1,1
0,1,0,1,0,1,1.0,100.428,0.0,1,4,3,2,1
0,3,0,1,0,1,1.0,100.427,0.0,0,5,1,2,1
0,1,1,1,0,1,3.0,78.298,0.0,0,1,1,4,2
0,1,1,1,0,2,1.0,100.0,0.0,0,1,3,1,4
1,1,1,1,0,1,1.0,101.85,0.0,0,4,2,2,1
0,1,1,1,0,1,1.0,97.0,0.0,0,1,1,2,4
0,1,0,1,0,3,1.0,101.01,0.0,0,4,1,3,1
0,1,0,1,0,1,1.0,102.391,0.0,0,4,2,2,1
0,1,1,0,0,2,1.0,100.0,0.0,0,6,2,3,4
0,3,1,1,0,1,1.0,80.0,0.0,0,2,2,2,2
0,1,1,1,0,1,1.0,97.0,0.0,0,1,1,3,4
0,1,0,1,0,1,1.0,68.037,0.0,0,4,3,3,2
0,1,0,1,0,1,1.0,80.0,0.0,0,4,2,2,2
0,1,1,1,0,1,1.0,90.0,0.0,0,3,1,2,3
0,1,1,1,0,2,1.0,71.123,0.0,0,4,3,1,2
0,1,1,1,0,1,3.0,63.899,0.0,0,4,1,2,2
0,1,0,1,0,1,1.0,93.659,0.0,0,2,1,3,3
1,1,1,1,0,1,1.0,97.0,0.0,0,4,1,2,4
0,1,1,0,0,2,1.0,100.0,0.0,0,6,3,1,4
0,1,0,1,0,1,3.0,80.0,0.0,0,4,3,3,2
1,1,0,1,0,1,1.0,97.0,0.0,0,2,1,2,4
0,1,1,1,0,1,3.0,79.231,0.0,0,2,2,4,2
0,1,0,1,0,1,1.0,102.391,0.0,0,4,3,3,1
0,1,0,1,0,1,1.0,5.4,0.0,0,4,1,1,2
0,2,0,1,0,1,1.0,100.917,0.0,0,5,2,1,1
1,1,1,1,0,1,3.0,69.444,0.0,0,4,2,3,2
0,1,0,1,0,1,1.0,97.0,0.0,0,4,2,3,4
0,1,1,1,0,2,1.0,100.0,0.0,0,1,2,4,4
0,1,1,1,0,1,1.0,80.0,0.0,0,3,2,3,2
0,1,0,1,0,1,1.0,78.051,0.0,0,4,2,2,2
1,1,1,1,0,1,1.0,97.0,0.0,0,4,1,2,4
0,1,0,1,0,1,3.0,71.583,0.0,0,4,3,4,2
0,1,1,1,0,1,1.0,95.0,0.0,0,4,1,2,3
0,1,0,1,1,1,1.0,97.0,0.0,0,2,2,3,4
0,1,1,1,0,1,3.0,60.631,0.0,0,3,2,3,2
0,1,1,1,0,2,1.0,100.0,0.0,0,4,1,3,4
1,1,1,1,0,1,1.0,97.0,0.0,0,4,1,3,4
0,1,1,1,0,1,1.0,80.0,0.0,0,4,1,3,2
0,1,1,1,0,1,1.0,80.0,0.0,0,2,1,4,2
0,1,1,1,0,1,1.0,80.0,0.0,0,2,1,3,2
0,1,0,1,0,1,1.0,79.975,0.0,0,4,3,3,2
0,1,1,1,0,1,3.0,87.38,0.0,0,3,3,3,3
1,3,0,1,0,1,1.0,3.928,0.0,1,4,1,3,2
0,1,0,1,0,1,1.0,3.927,0.0,1,5,2,2,2
0,1,0,1,0,1,3.0,71.167,0.0,0,2,2,4,2
0,1,1,1,0,1,1.0,97.0,0.0,0,3,2,3,4
0,1,1,0,0,1,3.0,75.7,0.0,0,1,2,1,2
0,1,1,1,0,2,1.0,100.0,0.0,0,5,3,3,4
0,1,1,1,0,1,1.0,95.0,0.0,0,2,2,3,3
0,1,0,1,0,1,1.0,95.0,0.0,0,4,2,3,3
0,1,1,1,0,2,1.0,100.0,0.0,0,3,2,3,4
1,4,1,1,0,1,1.0,52.381,0.0,0,4,3,3,2
0,1,1,1,0,1,1.0,80.0,0.0,0,4,2,4,2
0,1,1,1,0,1,1.0,57.128,0.0,0,2,2,3,2
0,1,1,1,0,1,1.0,80.0,0.0,0,4,3,3,2
0,1,1,1,0,1,1.0,95.0,0.0,0,2,2,4,3
0,1,1,1,0,1,1.0,90.0,0.0,0,4,2,4,3
0,1,1,1,0,1,3.0,59.833,0.0,0,1,2,4,2
0,1,0,1,0,1,1.0,100.427,0.0,1,3,1,3,1
1,1,1,1,0,1,1.0,100.427,0.0,1,4,1,3,1
0,1,1,1,0,1,1.0,66.667,0.0,0,4,3,4,2
1,1,1,1,0,2,1.0,100.0,0.0,0,2,1,2,4
0,1,0,1,0,1,1.0,80.0,0.0,0,4,1,3,2
0,1,1,1,0,1,3.0,31.645,0.0,0,4,3,2,2
0,3,1,1,0,2,1.0,100.0,0.0,0,4,2,3,4
0,1,0,1,0,1,1.0,97.0,0.0,0,3,1,3,4
0,1,0,1,0,1,4.0,20.701,0.0,0,4,3,3,2
0,1,0,1,0,1,1.0,97.0,0.0,0,4,1,2,4
0,1,0,1,0,1,1.0,75.0,0.0,0,2,2,4,2
0,1,0,1,0,1,1.0,100.319,0.0,0,4,2,3,1
1,4,1,1,0,1,1.0,100.427,0.0,1,5,1,2,1
0,1,0,1,0,1,1.0,3.927,0.0,1,4,1,2,2
0,1,1,1,0,1,1.0,49.367,0.0,0,4,3,4,2
0,1,0,1,0,1,1.0,80.0,0.0,0,2,2,3,2
1,1,1,1,0,1,1.0,97.0,0.0,0,2,1,2,4
0,1,1,1,0,1,1.0,100.41,0.0,1,3,1,3,1
0,1,1,1,0,1,1.0,97.0,0.0,0,2,1,2,4
1,1,1,1,0,1,1.0,85.0,0.0,0,4,2,2,3
0,1,1,0,0,1,1.0,95.0,0.0,0,6,3,3,3
0,1,0,1,0,1,1.0,89.826,0.0,0,2,1,3,3
0,3,0,1,0,1,1.0,75.0,0.0,0,3,2,4,2
1,1,0,1,0,2,1.0,94.565,0.0,0,4,1,2,3
0,2,1,1,0,1,1.0,95.0,0.0,0,1,1,4,3
0,1,1,1,0,1,1.0,75.0,0.0,0,4,3,3,2
0,1,0,1,0,1,1.0,90.0,0.0,0,2,1,3,3
0,1,0,1,0,2,1.0,100.0,0.0,0,3,1,3,4
1,1,1,1,0,3,1.0,100.965,0.0,0,4,1,3,1
0,1,0,1,0,1,1.0,91.438,0.0,0,2,1,3,3
0,1,0,1,0,1,1.0,90.0,0.0,0,4,2,3,3
1,1,0,1,0,1,1.0,97.0,0.0,0,4,1,1,4
0,1,0,1,0,1,1.0,97.0,0.0,0,4,1,1,4
0,1,0,1,0,1,1.0,100.319,0.0,0,5,2,3,1
0,1,0,1,0,1,1.0,100.427,0.0,0,4,2,3,1
0,1,1,1,0,1,3.0,73.425,0.0,0,4,2,4,2
0,1,1,1,0,1,1.0,90.0,0.0,0,4,2,4,3
1,1,1,1,0,1,1.0,101.85,0.0,0,4,2,2,1
0,1,1,1,0,1,1.0,57.356,0.0,0,4,2,4,2
1,1,0,1,0,1,1.0,90.0,0.0,0,4,2,2,3
0,1,0,1,0,1,3.0,93.214,0.0,0,4,2,3,3
0,1,0,1,0,1,1.0,97.0,0.0,0,3,3,2,4
0,1,1,1,0,1,1.0,80.0,0.0,0,3,1,2,2
0,1,0,1,0,1,3.0,60.0,0.0,0,2,2,4,2
0,1,1,1,0,1,1.0,90.0,0.0,0,4,2,4,3
0,1,0,1,0,1,1.0,97.0,0.0,0,4,3,1,4
0,3,1,1,0,2,1.0,100.0,0.0,0,3,3,1,4
0,1,0,1,0,1,1.0,97.0,0.0,0,2,1,3,4
0,1,1,1,0,2,1.0,100.0,0.0,0,4,1,3,4
0,1,0,1,0,1,3.0,80.0,0.0,0,4,2,3,2
0,1,0,1,0,1,1.0,95.0,0.0,0,3,2,4,3
0,1,0,1,0,1,1.0,87.656,0.0,0,3,1,2,3
0,1,1,1,0,3,1.0,100.936,0.0,0,2,2,2,1
1,1,1,1,0,1,3.0,80.0,0.0,0,4,2,3,2
0,1,0,1,0,1,1.0,97.0,0.0,0,4,2,2,4
0,1,1,1,0,1,1.0,65.217,0.0,0,2,2,3,2
0,1,1,1,0,1,1.0,80.0,0.0,0,4,2,3,2
0,2,1,1,0,1,1.0,79.91,0.0,0,3,2,3,2
0,1,0,0,0,1,3.0,78.88,0.0,0,4,2,3,2
0,2,0,1,1,1,1.0,79.76,0.0,0,3,2,4,2
0,1,1,1,0,1,1.0,80.0,0.0,0,3,2,3,2
0,1,1,1,0,1,1.0,75.0,0.0,0,1,2,4,2
1,1,0,1,0,1,1.0,95.0,0.0,0,4,2,3,3
0,2,0,1,0,1,1.0,90.0,0.0,0,3,2,3,3
0,1,1,1,1,1,1.0,80.0,0.0,0,2,3,4,2
0,3,0,0,0,1,2.0,79.97,0.0,0,3,3,2,2
1,1,1,0,0,1,3.0,77.93,0.0,0,4,2,1,2
0,1,1,1,1,1,1.0,75.0,0.0,0,4,2,4,2
0,1,1,1,0,1,2.0,63.77,0.0,0,5,2,1,2
0,1,1,0,0,1,4.0,75.96,0.0,0,4,2,2,2
0,1,1,0,0,1,2.0,49.46,0.0,0,6,3,1,2
0,1,1,0,0,1,3.0,80.0,0.0,0,3,2,3,2
0,1,1,1,0,1,3.0,72.12,0.0,0,2,2,3,2
0,1,0,0,0,1,2.0,22.34,0.0,0,5,2,3,2
0,1,0,0,0,1,4.0,71.43,0.0,0,1,3,3,2
0,1,0,0,0,1,2.0,38.46,0.0,0,4,1,3,2
1,1,1,0,0,1,2.0,18.94,0.0,0,5,1,2,2
1,1,1,0,0,1,2.0,35.0,0.0,0,1,3,2,2
0,1,0,0,0,1,2.0,53.16,0.0,0,5,3,1,2
0,1,1,0,0,1,4.0,96.14,0.0,0,2,2,4,3
0,1,0,0,0,1,3.0,69.88,0.0,0,5,3,1,2
0,1,0,0,0,1,2.0,59.38,0.0,0,3,3,3,2
0,1,1,1,0,1,1.0,47.49,0.0,0,4,3,2,2
1,3,1,0,0,1,1.0,87.03,0.0,0,3,3,3,3
0,1,0,1,0,1,1.0,80.0,0.0,0,2,2,3,2
0,1,0,0,0,1,4.0,60.72,0.0,0,1,3,3,2
0,1,0,0,0,1,4.0,12.0,0.0,0,6,3,1,2
0,1,0,0,0,1,2.0,60.72,0.0,0,5,3,2,2
0,1,0,1,1,1,1.0,95.0,0.0,0,4,2,2,3
0,1,0,1,1,1,1.0,97.0,0.0,0,2,2,3,4
0,1,1,1,0,1,4.0,79.13,0.0,0,4,2,3,2
1,1,1,0,0,1,1.0,38.89,0.0,0,2,1,4,2
1,4,0,0,0,1,2.0,26.77,0.0,0,5,3,1,2
1,3,1,0,0,1,2.0,71.43,0.0,0,6,2,2,2
0,1,0,1,0,1,1.0,37.5,0.0,0,4,3,1,2
0,1,1,0,0,1,2.0,35.71,0.0,0,2,3,2,2
1,1,0,1,0,1,1.0,61.25,0.0,0,4,2,2,2
0,1,0,1,0,1,1.0,95.0,0.0,0,3,2,4,3
0,1,1,1,0,1,1.0,70.0,0.0,0,2,2,4,2
0,1,1,0,0,1,2.0,12.44,0.0,0,6,3,1,2
0,1,0,0,0,1,2.0,22.09,0.0,0,3,3,2,2
0,2,1,0,0,1,2.0,71.64,0.0,0,2,3,4,2
0,1,0,1,0,1,1.0,80.0,0.0,0,4,3,1,2
0,1,1,1,0,1,3.0,80.0,0.0,0,2,2,4,2
0,1,1,0,0,1,4.0,134.96,0.0,0,5,2,3,1
0,3,0,1,0,1,3.0,79.96,0.0,0,4,2,3,2
0,1,1,1,0,1,4.0,79.99,0.0,0,4,1,3,2
1,1,0,0,0,1,2.0,80.0,0.0,0,2,2,2,2
0,1,1,1,0,1,4.0,60.53,1.0,0,4,3,3,2
0,2,0,0,0,1,2.0,50.0,0.0,0,3,2,1,2
0,3,0,0,0,1,2.0,19.28,0.0,0,5,2,3,2
0,3,0,0,0,1,2.0,79.55,0.0,0,4,3,3,2
0,1,1,1,0,1,3.0,80.0,0.0,0,2,2,4,2
0,1,1,1,0,1,2.0,78.09,0.0,0,4,3,4,2
0,1,1,0,0,1,4.0,83.09,0.0,0,6,2,3,3
0,2,1,1,0,1,2.0,57.57,0.0,0,2,3,4,2
0,3,1,1,0,1,2.0,76.6,0.0,0,4,2,4,2
0,1,1,0,0,1,2.0,54.36,0.0,0,6,3,1,2
1,1,0,1,0,1,1.0,96.5,0.0,0,4,1,1,3
0,3,1,1,0,1,3.0,78.44,0.0,0,4,3,3,2
0,3,0,0,0,1,3.0,80.0,0.0,0,4,2,3,2
1,1,1,0,0,1,2.0,35.71,0.0,0,2,2,1,2
0,4,1,0,0,1,3.0,39.0,0.0,0,6,3,2,2
0,1,0,0,0,1,3.0,75.0,0.0,0,6,3,3,2
0,1,1,1,0,1,3.0,59.76,0.0,0,1,3,3,2
0,3,0,0,0,1,4.0,63.4,0.0,0,6,3,1,2
0,1,1,0,0,1,3.0,42.08,1.0,0,6,2,1,2
1,1,1,1,0,1,1.0,80.0,0.0,0,3,3,3,2
1,1,0,0,0,1,4.0,50.99,0.0,0,5,2,3,2
0,1,1,1,0,1,1.0,85.0,0.0,0,3,2,4,3
0,1,1,1,0,1,1.0,85.0,0.0,0,2,2,4,3
0,1,1,1,0,1,1.0,89.989,0.0,0,3,2,4,3
0,1,1,1,0,1,1.0,77.578,0.0,0,4,2,5,2
0,1,1,1,0,1,1.0,54.865,0.0,0,2,2,3,2
1,1,1,1,0,1,1.0,80.0,0.0,0,4,2,4,2
1,1,1,0,0,1,1.0,429.553,0.0,0,1,1,3,1
1,1,1,0,0,1,3.0,83.0,0.0,0,5,2,2,3
1,1,1,0,0,1,3.0,80.0,0.0,0,2,2,1,2
1,1,0,0,0,1,4.0,171.821,0.0,0,2,1,2,1
0,3,0,0,0,1,1.0,110.58,0.0,0,4,3,3,1
0,3,0,0,0,1,1.0,98.21,0.0,0,4,3,3,4
0,1,1,1,1,1,1.0,69.066,0.0,0,1,2,4,2
0,2,0,1,1,1,1.0,65.0,0.0,0,4,1,2,2
0,3,0,1,0,1,3.0,90.863,0.0,0,4,2,4,3
0,1,0,1,1,1,1.0,95.0,0.0,0,4,1,3,3
0,1,1,1,0,1,3.0,40.663,0.0,0,2,3,4,2
0,1,1,0,0,1,1.0,75.0,0.0,0,6,2,1,2
0,1,1,1,1,1,1.0,95.0,0.0,0,4,1,3,3
0,1,0,1,0,1,3.0,78.4,0.0,0,4,2,3,2
0,3,0,0,0,1,3.0,44.221,0.0,0,5,3,1,2
0,4,1,0,0,1,3.0,75.0,0.0,0,5,2,3,2
0,3,1,0,0,1,3.0,75.0,0.0,0,5,2,2,2
0,3,0,0,0,1,3.0,80.0,0.0,0,4,3,4,2
0,1,1,0,0,1,3.0,29.8,0.0,0,2,2,5,2
0,1,1,1,1,1,1.0,75.0,0.0,0,1,3,4,2
0,1,1,1,0,1,3.0,63.0,0.0,0,4,1,4,2
1,1,1,1,0,1,1.0,90.0,0.0,0,2,2,4,3
0,1,0,1,1,1,1.0,90.0,0.0,0,3,2,3,3
0,1,0,1,1,1,1.0,95.0,0.0,0,4,2,3,3
0,1,1,1,0,1,1.0,74.66,0.0,0,4,1,3,2
0,1,1,1,0,1,4.0,60.0,0.0,0,2,3,3,2
1,1,1,1,0,1,3.0,69.04,0.0,0,4,1,3,2
0,2,1,1,1,1,1.0,92.85,0.0,0,3,2,4,3
0,1,0,0,0,1,1.0,85.0,0.0,0,3,2,3,3
0,3,0,0,0,1,3.0,77.69,0.0,0,2,3,2,2
0,1,1,0,0,1,3.0,80.0,0.0,0,2,2,4,2
0,3,0,1,0,1,3.0,59.64,0.0,0,4,3,1,2
0,1,0,1,1,1,1.0,95.0,0.0,0,3,1,4,3
0,1,1,1,0,1,1.0,97.0,0.0,0,3,1,3,4
0,1,0,1,0,1,3.0,59.52,0.0,0,2,3,3,2
0,1,0,1,0,1,1.0,92.72,0.0,0,4,2,2,3
0,1,1,1,0,1,1.0,80.0,0.0,0,4,1,3,2
0,1,1,1,0,1,3.0,76.61,0.0,0,4,3,4,2
0,3,1,1,0,1,3.0,70.15,0.0,0,4,3,2,2
0,1,1,1,1,1,1.0,89.08,0.0,0,4,3,4,3
0,1,1,1,0,1,3.0,64.4,0.0,0,4,3,3,2
0,1,1,0,0,1,3.0,66.89,0.0,0,1,3,3,2
0,1,1,0,0,2,1.0,100.0,0.0,0,5,3,3,4
1,1,1,1,0,1,3.0,76.11,0.0,0,4,3,1,2
0,1,1,1,0,3,1.0,97.6,0.0,0,4,1,2,4
0,3,1,0,0,1,3.0,75.0,0.0,0,4,3,3,2
0,1,0,1,1,1,1.0,55.55,0.0,0,3,2,3,2
0,1,0,1,0,1,1.0,80.0,0.0,0,4,2,1,2
0,1,0,1,0,1,3.0,70.0,0.0,0,4,3,3,2
0,1,1,1,0,1,1.0,80.0,0.0,0,4,1,3,2
0,4,1,0,0,1,3.0,80.0,0.0,0,2,2,2,2
0,1,0,1,0,1,3.0,60.0,0.0,0,3,3,1,2
0,1,1,1,0,1,3.0,74.39,0.0,0,4,1,3,2
0,1,1,1,0,1,3.0,79.22,0.0,0,2,2,2,2
0,3,1,1,0,1,1.0,97.0,0.0,0,4,2,2,4
0,1,1,0,0,1,3.0,64.39,0.0,0,1,2,1,2
0,1,0,0,0,1,3.0,98.29,0.0,0,4,3,2,4
1,1,1,1,0,1,3.0,80.0,0.0,0,4,3,3,2
0,1,1,1,0,1,3.0,50.19,0.0,0,2,2,4,2
0,1,1,1,0,1,1.0,75.0,0.0,0,4,2,4,2
0,1,1,1,0,1,3.0,87.86,0.0,0,4,3,3,3
0,1,0,0,0,1,1.0,118.19,0.0,0,5,2,4,1
0,1,0,1,0,1,3.0,80.0,0.0,0,4,2,3,2
0,1,1,1,0,1,3.0,79.65,0.0,0,4,2,3,2
0,1,0,1,0,1,2.0,52.63,0.0,0,4,3,2,2
1,1,1,1,0,1,1.0,75.0,0.0,0,2,3,4,2
0,1,1,1,1,1,1.0,84.99,0.0,0,3,2,4,3
0,1,1,1,0,1,1.0,95.0,0.0,0,1,1,5,3
0,1,1,1,0,1,1.0,90.0,0.0,0,4,1,2,3
0,1,1,0,0,1,3.0,50.66,0.0,0,1,3,5,2
0,1,1,1,0,1,3.0,66.4,0.0,0,4,3,3,2
0,1,0,1,1,1,1.0,95.0,0.0,0,4,2,4,3
0,1,0,0,0,1,1.0,58.37,0.0,0,4,2,1,2
0,1,1,1,0,1,1.0,76.68,0.0,0,2,3,3,2
0,1,1,1,0,1,1.0,95.0,0.0,0,4,3,3,3
0,1,1,0,0,1,3.0,80.0,0.0,0,2,3,4,2
0,1,0,1,0,1,1.0,95.0,0.0,0,4,2,3,3
0,3,0,1,0,1,3.0,64.94,0.0,0,4,3,2,2
0,1,1,1,0,1,3.0,60.0,0.0,0,4,2,3,2
0,1,1,0,0,1,1.0,80.0,0.0,0,4,3,3,2
0,1,1,1,0,1,3.0,59.84,0.0,0,4,3,3,2
0,2,1,0,0,1,3.0,96.69,0.0,0,2,1,3,4
0,2,1,1,0,1,3.0,82.38,0.0,0,2,1,3,3
0,1,1,1,0,1,3.0,75.0,0.0,0,4,3,3,2
0,1,0,1,0,1,3.0,87.54,0.0,0,2,2,2,3
0,1,1,0,0,1,3.0,79.25,0.0,0,3,2,4,2
0,1,0,1,0,1,3.0,31.94,0.0,0,4,3,3,2
0,1,1,1,0,1,3.0,80.0,0.0,0,4,2,2,2
0,1,1,1,0,1,3.0,88.98,0.0,0,4,2,4,3
0,1,1,1,0,3,1.0,99.35,0.0,0,4,2,3,4
0,1,1,1,0,1,1.0,95.0,0.0,0,2,1,4,3
0,1,0,1,0,1,3.0,80.0,0.0,0,4,1,4,2
0,1,1,1,0,1,3.0,86.09,0.0,0,4,1,3,3
0,1,1,1,0,1,3.0,83.75,0.0,0,1,2,4,3
0,1,0,0,0,1,3.0,67.82,0.0,0,4,3,2,2
0,1,1,1,0,1,1.0,95.0,0.0,0,3,2,4,3
0,1,1,0,0,1,3.0,80.0,0.0,0,4,2,4,2
0,1,1,1,1,1,1.0,95.0,0.0,0,4,3,2,3
0,1,1,0,0,1,3.0,80.8,0.0,0,2,3,3,3
0,1,1,0,0,1,3.0,58.85,0.0,0,6,3,2,2
0,1,1,1,1,1,1.0,89.99,0.0,0,4,2,4,3
0,3,0,0,0,1,3.0,60.0,0.0,0,3,3,2,2
0,1,0,1,0,1,3.0,80.0,0.0,0,4,2,3,2
0,1,1,1,1,1,1.0,94.04,0.0,0,4,2,4,3
0,1,0,1,0,1,3.0,38.41,0.0,0,4,1,2,2
0,1,1,1,0,1,1.0,96.99,0.0,0,3,2,2,4
0,1,0,1,0,1,1.0,97.0,0.0,0,4,1,2,4
0,1,1,0,0,1,3.0,71.2,0.0,0,4,3,2,2
0,1,1,0,0,1,3.0,70.0,0.0,0,4,2,3,2
1,1,1,1,0,1,3.0,47.61,0.0,0,1,2,3,2
0,1,0,1,0,1,1.0,46.36,0.0,0,2,2,4,2
0,1,1,1,0,1,3.0,57.95,0.0,0,4,3,3,2
0,1,1,1,0,1,3.0,65.71,0.0,0,3,3,4,2
0,1,1,1,0,1,1.0,95.0,0.0,0,4,2,3,3
0,1,0,1,0,1,3.0,61.35,0.0,0,2,3,4,2
0,3,1,0,0,2,1.0,100.0,0.0,0,6,2,2,4
0,1,0,1,0,1,1.0,75.0,0.0,0,3,3,3,2
0,1,0,1,0,1,1.0,75.0,0.0,0,3,3,3,2
0,1,1,1,0,1,1.0,80.0,0.0,0,4,2,4,2
0,1,1,1,0,1,1.0,75.0,0.0,0,3,3,1,2
0,1,0,1,0,1,1.0,80.0,0.0,0,1,2,4,2
0,1,1,1,0,1,3.0,80.0,0.0,0,3,3,3,2
0,3,0,1,0,1,3.0,60.5,0.0,0,4,3,2,2
0,1,1,1,0,1,3.0,75.0,0.0,0,2,2,4,2
1,1,1,0,0,1,3.0,79.262,0.0,0,4,2,4,2
0,1,0,1,0,1,3.0,68.75,0.0,0,2,3,3,2
0,1,1,1,0,1,3.0,36.668,0.0,0,4,3,3,2
1,1,1,1,0,2,1.0,100.0,0.0,0,4,2,3,4
0,1,0,1,0,1,1.0,95.0,0.0,0,4,1,2,3
0,1,1,1,0,1,3.0,75.0,0.0,0,4,1,3,2
0,1,1,1,0,1,3.0,64.2,0.0,0,3,2,3,2
1,1,0,1,0,3,1.0,101.01,0.0,0,3,1,2,1
1,1,1,1,0,1,1.0,80.0,0.0,0,4,2,3,2
1,1,0,1,0,1,3.0,71.08,0.0,0,4,1,3,2
1,1,0,1,0,1,1.0,67.86,0.0,0,3,2,2,2
1,1,0,1,0,1,1.0,95.0,0.0,0,4,3,2,3
0,1,0,1,0,1,1.0,95.0,0.0,0,4,2,3,3
0,1,1,1,0,1,3.0,76.55,0.0,0,1,1,4,2
0,1,1,1,0,1,1.0,90.0,0.0,0,2,2,4,3
0,1,0,1,0,2,1.0,100.0,0.0,0,4,1,3,4
0,1,1,1,0,1,1.0,95.0,0.0,0,4,2,3,3
0,1,1,1,0,1,1.0,90.0,0.0,0,4,1,2,3
0,1,1,1,0,1,1.0,80.0,0.0,0,1,1,4,2
0,1,1,1,0,2,1.0,94.13,0.0,0,5,2,3,3
0,1,1,1,0,1,1.0,69.56,0.0,0,3,3,3,2
0,1,0,1,0,1,1.0,95.0,0.0,0,3,1,3,3
0,1,0,1,0,1,1.0,95.0,0.0,0,3,1,3,3
0,1,0,1,0,1,1.0,80.0,0.0,0,4,1,2,2
0,1,1,1,0,1,3.0,80.0,0.0,0,4,1,4,2
1,1,0,1,0,1,1.0,95.0,0.0,0,3,2,3,3
0,2,0,1,0,1,1.0,95.0,0.0,0,4,2,3,3
0,1,1,1,0,1,1.0,80.0,0.0,0,2,2,4,2
0,1,1,1,0,1,3.0,80.0,0.0,0,3,2,3,2
0,1,0,1,0,1,1.0,95.0,0.0,0,3,1,4,3
0,1,0,1,0,1,1.0,90.0,0.0,0,4,2,3,3
0,1,0,1,0,1,1.0,80.0,0.0,0,4,3,2,2
0,1,0,1,0,1,1.0,90.0,0.0,0,4,1,1,3
0,3,1,1,0,2,1.0,100.0,0.0,0,4,3,3,4
0,1,1,1,0,1,3.0,73.27,0.0,0,2,2,3,2
0,1,0,1,0,1,1.0,77.78,0.0,0,4,3,2,2
0,1,0,1,0,1,1.0,84.76,0.0,0,4,1,2,3
0,1,1,1,0,1,1.0,80.0,0.0,0,1,1,4,2
0,1,0,1,0,1,1.0,80.0,0.0,0,1,2,4,2
0,1,1,1,0,1,1.0,78.4,0.0,0,3,1,4,2
0,1,1,1,0,1,1.0,85.0,0.0,0,2,1,3,3
0,1,0,1,0,1,1.0,95.0,0.0,0,3,1,3,3
0,1,0,1,0,1,1.0,80.0,0.0,0,1,3,3,2
0,1,1,1,0,1,3.0,67.15,0.0,0,3,2,4,2
0,1,1,1,0,1,1.0,97.0,0.0,0,3,1,3,4
0,1,1,1,0,1,1.0,90.0,0.0,0,4,1,2,3
0,1,0,1,0,2,1.0,100.0,0.0,0,4,3,3,4
0,1,0,1,0,1,1.0,95.0,0.0,0,4,1,2,3
0,1,1,1,0,2,1.0,100.0,0.0,0,4,1,3,4
0,1,1,1,0,1,1.0,88.0,0.0,0,4,3,4,3
0,1,0,1,0,1,1.0,102.49,0.0,0,4,1,2,1
0,1,0,1,0,1,1.0,79.53,0.0,0,4,2,3,2
0,1,0,1,0,1,1.0,95.0,0.0,0,3,1,3,3
0,1,0,1,0,3,1.0,98.1,0.0,0,4,2,2,4
0,1,0,1,0,1,1.0,78.13,0.0,0,4,2,4,2
1,1,0,1,0,1,1.0,84.65,0.0,0,2,1,3,3
0,1,1,1,0,1,1.0,90.0,0.0,0,4,1,3,3
0,1,0,1,0,1,1.0,64.07,0.0,0,5,2,2,2
0,1,0,1,0,1,1.0,75.0,0.0,0,4,3,3,2
0,1,1,1,0,2,1.0,100.0,0.0,0,4,2,3,4
0,1,1,1,0,1,1.0,80.0,0.0,0,2,1,2,2
0,1,0,1,0,1,1.0,75.0,0.0,0,2,3,2,2
0,1,0,1,0,1,1.0,95.0,0.0,0,2,1,3,3
1,1,1,1,0,1,1.0,64.71,0.0,0,4,3,4,2
0,1,0,0,0,1,3.0,94.99,0.0,0,4,3,3,3
0,1,0,1,0,2,1.0,100.0,0.0,0,3,1,2,4
0,1,1,1,0,1,3.0,76.31,0.0,0,3,1,3,2
0,1,0,1,0,1,1.0,80.0,0.0,0,1,2,4,2
0,1,1,1,0,1,1.0,80.0,0.0,0,2,1,3,2
0,1,1,1,0,3,1.0,96.03,0.0,0,4,1,2,3
1,1,1,1,0,1,1.0,95.0,0.0,0,4,2,3,3
0,1,1,1,0,1,1.0,80.0,0.0,0,2,1,4,2
0,1,1,1,0,1,1.0,87.5,0.0,0,3,2,4,3
0,1,0,1,0,1,1.0,94.19,0.0,0,3,1,2,3
0,1,1,1,0,2,1.0,100.0,0.0,0,6,2,3,4
0,1,1,1,0,1,1.0,95.0,0.0,0,4,1,4,3
0,1,1,1,0,1,1.0,73.79,0.0,0,1,3,3,2
0,1,1,1,0,1,1.0,80.0,0.0,0,1,1,5,2
0,1,0,1,0,1,1.0,86.84,0.0,0,3,2,3,3
0,1,0,1,0,1,1.0,80.0,0.0,0,2,3,3,2
0,1,1,1,0,1,1.0,79.38,0.0,0,2,2,3,2
1,1,0,0,0,1,3.0,82.01,0.0,0,4,1,2,3
0,1,1,1,0,3,1.0,97.26,0.0,0,4,1,2,4
1,1,1,1,0,1,1.0,90.0,0.0,0,4,1,1,3
0,1,1,1,0,1,1.0,69.83,0.0,0,2,2,4,2
1,1,0,1,0,1,1.0,56.52,0.0,0,2,3,1,2
0,1,1,1,0,1,1.0,80.0,0.0,0,4,2,2,2
0,3,1,1,0,1,1.0,95.0,0.0,0,4,2,4,3
0,1,0,1,0,3,1.0,99.35,0.0,0,2,1,3,4
0,1,1,1,0,1,3.0,78.0,0.0,0,2,2,3,2
0,1,1,1,0,1,1.0,95.0,0.0,0,1,2,4,3
0,1,0,1,0,1,3.0,58.02,0.0,0,2,1,3,2
0,1,0,1,0,1,1.0,97.0,0.0,0,2,1,3,4
0,1,1,1,0,1,3.0,78.2,0.0,0,4,2,3,2
0,1,0,1,0,1,3.0,75.61,0.0,0,4,1,3,2
0,1,1,1,0,1,3.0,56.72,0.0,0,2,2,3,2
0,1,1,1,0,1,1.0,95.0,0.0,0,3,1,3,3
0,1,1,1,0,1,1.0,80.0,0.0,0,3,3,4,2
0,1,1,1,0,1,1.0,90.0,0.0,0,4,3,3,3
0,3,1,1,0,2,1.0,100.0,0.0,0,5,2,3,4
0,1,0,1,0,1,1.0,51.11,0.0,0,4,1,1,2
1,1,1,1,0,2,1.0,100.0,0.0,0,3,2,3,4
0,1,0,1,0,1,1.0,86.92,0.0,0,1,3,3,3
0,1,0,1,0,1,3.0,75.22,0.0,0,2,1,4,2
0,1,1,1,0,1,1.0,95.0,0.0,0,4,2,5,3
1,1,1,1,0,1,1.0,90.0,0.0,0,4,1,4,3
0,1,1,1,0,1,1.0,75.65,0.0,0,3,3,3,2
0,1,0,1,0,1,1.0,90.677,1.0,0,4,2,3,3
0,3,1,1,0,2,1.0,100.0,1.0,0,4,2,3,4
0,1,1,1,0,1,1.0,102.319,0.0,0,4,3,2,1
0,1,1,1,0,1,1.0,100.388,0.0,0,4,1,2,1
0,1,1,1,0,1,1.0,102.007,0.0,0,4,1,2,1
0,1,1,1,0,1,1.0,92.984,0.0,0,4,2,3,3
0,3,1,1,0,1,1.0,80.0,0.0,0,4,3,4,2
0,1,1,1,0,1,1.0,80.0,0.0,0,2,2,3,2
0,3,1,0,0,1,3.0,73.041,0.0,0,6,3,2,2
0,1,1,0,0,1,3.0,80.0,0.0,0,3,2,3,2
1,1,0,0,0,1,4.0,62.774,0.0,0,6,3,1,2
1,1,0,0,0,1,3.0,61.538,0.0,0,6,3,1,2
0,3,0,1,0,1,3.0,66.545,0.0,0,4,1,3,2
0,1,0,1,0,1,3.0,36.497,0.0,0,2,2,2,2
1,1,1,1,0,1,1.0,97.0,0.0,0,4,2,3,4
1,1,0,1,0,1,3.0,42.667,0.0,0,4,1,2,2
0,1,1,0,0,1,3.0,66.082,0.0,0,6,3,2,2
0,1,1,1,0,1,3.0,26.0,0.0,0,2,1,3,2
0,1,1,1,0,1,1.0,90.0,0.0,0,4,2,4,3
0,1,0,0,0,1,1.0,97.0,0.0,0,4,2,2,4
1,1,1,1,0,1,3.0,81.188,0.0,0,3,2,2,3
0,2,1,0,0,1,1.0,95.0,0.0,0,3,2,3,3
0,1,0,1,0,1,1.0,95.0,0.0,0,3,3,4,3
0,3,1,0,0,1,3.0,80.0,0.0,0,6,2,2,2
1,1,0,0,0,1,1.0,97.0,0.0,0,4,2,1,4
0,1,0,1,0,1,3.0,70.435,0.0,0,2,3,3,2
0,3,0,0,0,1,3.0,71.908,0.0,0,4,3,2,2
1,3,1,0,0,2,1.0,108.901,0.0,0,4,2,4,1
1,1,1,0,0,1,3.0,72.0,0.0,0,5,2,1,2
0,1,0,0,0,1,3.0,72.222,0.0,0,3,2,2,2
0,1,0,1,0,1,1.0,69.697,0.0,0,3,2,2,2
0,1,1,1,0,1,1.0,92.264,0.0,0,3,2,3,3
1,1,0,0,0,1,3.0,74.545,0.0,0,5,2,3,2
0,3,1,0,0,1,3.0,68.0,0.0,0,5,3,2,2
0,3,0,0,0,1,3.0,60.0,0.0,0,6,2,2,2
1,1,1,0,0,1,3.0,69.9,0.0,0,5,2,2,2
1,1,0,1,0,1,1.0,80.0,0.0,0,4,3,3,2
0,1,1,0,0,1,1.0,97.0,0.0,0,3,1,2,4
0,1,1,1,0,1,1.0,94.706,0.0,0,2,2,4,3
0,1,1,1,0,1,1.0,68.182,0.0,0,4,2,2,2
0,1,1,1,0,1,1.0,97.0,0.0,0,3,1,3,4
0,1,1,1,0,1,3.0,40.82,0.0,0,1,2,3,2
0,1,1,1,0,1,3.0,49.296,0.0,0,4,2,3,2
0,1,1,0,0,2,1.0,100.0,0.0,0,5,2,3,4
1,1,1,0,0,1,2.0,66.667,0.0,0,4,1,2,2
0,3,1,0,0,1,3.0,57.0,0.0,0,5,3,1,2
0,1,0,0,0,1,3.0,92.66,0.0,0,4,2,3,3
0,1,1,1,0,1,1.0,97.0,0.0,0,3,1,3,4
0,1,0,1,0,1,1.0,87.02,0.0,0,1,1,4,3
0,1,1,1,0,1,3.0,51.09,0.0,0,1,2,5,2
0,1,0,1,0,1,3.0,86.7,0.0,0,4,2,3,3
0,1,1,1,0,1,1.0,80.0,0.0,0,4,1,3,2
0,1,1,1,0,1,1.0,95.0,0.0,0,3,2,3,3
0,1,1,1,0,1,3.0,29.63,0.0,0,4,3,3,2
0,1,1,0,0,1,1.0,80.0,0.0,0,3,1,3,2
0,1,1,0,0,1,2.0,11.36,0.0,0,4,2,2,2
0,1,0,0,0,1,4.0,83.68,0.0,0,4,3,2,3
0,1,0,0,0,1,2.0,8.0,0.0,0,6,3,2,2
0,3,0,0,0,1,4.0,80.0,0.0,0,6,3,1,2
1,1,1,0,0,1,4.0,20.0,0.0,0,4,2,3,2
1,1,1,0,0,1,2.0,31.25,0.0,0,6,2,3,2
1,1,1,0,0,1,4.0,66.67,0.0,0,5,3,3,2
0,3,0,0,0,1,2.0,46.15,0.0,0,3,3,2,2
1,1,1,0,0,1,4.0,62.31,0.0,0,6,3,2,2
0,1,0,0,0,1,2.0,50.0,0.0,0,5,2,2,2
0,1,1,0,0,1,2.0,35.71,0.0,0,2,2,2,2
0,1,0,0,0,1,2.0,98.34,0.0,0,4,2,3,4
1,4,0,0,0,1,2.0,51.35,0.0,0,5,2,3,2
0,1,1,0,0,1,4.0,79.66,0.0,0,5,2,3,2
1,1,1,0,0,1,2.0,71.18,0.0,0,5,2,3,2
1,1,1,0,0,1,2.0,79.71,0.0,0,5,3,1,2
0,1,0,0,0,1,2.0,64.3,0.0,0,4,2,3,2
0,1,0,0,0,1,2.0,32.0,0.0,0,5,2,2,2
0,1,1,0,0,1,2.0,85.94,0.0,0,2,2,3,3
0,1,0,0,0,1,2.0,62.03,0.0,0,2,2,3,2
0,3,0,0,0,1,2.0,84.42,0.0,0,6,3,1,3
0,1,1,0,0,1,2.0,79.37,0.0,0,6,2,1,2
0,1,1,0,0,1,4.0,77.91,0.0,0,4,2,4,2
0,1,0,0,0,1,4.0,66.24,0.0,0,5,3,3,2
0,1,1,0,0,1,2.0,69.18,0.0,0,6,3,4,2
0,1,1,1,0,1,4.0,80.0,0.0,0,3,1,4,2
0,1,0,0,0,1,2.0,101.33,0.0,0,5,2,3,1
0,1,1,1,0,1,3.0,47.9,0.0,0,4,3,2,2
1,1,1,0,0,1,2.0,89.54,0.0,0,2,1,4,3
0,1,1,0,0,1,4.0,61.47,0.0,0,2,2,3,2
0,1,1,0,0,1,4.0,68.38,0.0,0,6,2,1,2
0,1,1,1,0,1,2.0,46.06,0.0,0,3,3,4,2
0,1,0,0,0,1,2.0,38.0,0.0,0,5,2,2,2
0,1,0,0,0,1,4.0,46.62,0.0,0,4,3,4,2
0,1,0,0,0,1,4.0,31.91,0.0,0,4,2,3,2
1,1,1,0,0,1,2.0,25.0,0.0,0,6,2,1,2
0,3,1,0,0,1,2.0,14.29,0.0,0,4,3,4,2
0,1,0,0,0,1,4.0,75.13,0.0,0,6,1,1,2
0,3,0,0,0,1,2.0,55.97,0.0,0,6,3,2,2
1,1,0,0,0,1,2.0,46.58,0.0,0,4,3,3,2
0,1,1,0,0,1,2.0,77.92,0.0,0,6,3,3,2
0,1,0,0,0,1,2.0,58.49,0.0,0,2,2,3,2
0,1,1,1,0,1,2.0,68.81,0.0,0,4,2,3,2
0,1,0,0,0,1,4.0,61.71,0.0,0,6,3,1,2
0,3,1,0,0,1,2.0,27.03,0.0,0,5,3,3,2
0,1,1,1,0,1,4.0,60.0,0.0,0,5,3,5,2
0,1,0,1,1,1,1.0,97.0,0.0,0,3,1,2,4
0,1,1,1,0,1,3.0,57.869,0.0,0,2,1,4,2
0,1,1,1,0,1,1.0,41.841,0.0,0,4,3,2,2
1,1,0,1,0,1,1.0,80.0,0.0,0,4,2,4,2
1,1,0,1,0,1,1.0,70.625,0.0,0,4,2,4,2
0,1,0,1,0,1,1.0,95.0,0.0,0,3,1,3,3
0,1,1,0,0,1,3.0,59.32,0.0,0,4,2,4,2
0,1,0,1,0,1,3.0,63.04,0.0,0,4,3,4,2
0,1,0,0,0,1,3.0,56.15,0.0,0,4,3,3,2
0,1,0,1,0,1,3.0,58.72,0.0,0,4,3,3,2
1,1,1,1,1,1,1.0,95.0,0.0,0,2,3,4,3
0,1,0,1,0,1,1.0,52.719,0.0,0,3,3,2,2
0,1,0,1,0,1,1.0,80.0,0.0,0,4,3,2,2
1,1,1,1,0,1,1.0,101.849,0.0,0,4,2,3,1
0,1,1,1,0,1,1.0,90.0,0.0,0,4,2,4,3
0,1,0,1,0,1,3.0,60.0,0.0,0,4,3,3,2
0,1,0,1,0,1,1.0,80.0,0.0,0,4,3,3,2
0,1,1,1,0,1,3.0,74.381,0.0,0,4,3,4,2
0,1,0,1,0,1,1.0,94.844,0.0,0,3,2,5,3
1,1,1,0,0,2,1.0,100.0,0.0,0,4,2,3,4
0,2,0,0,0,1,3.0,80.0,0.0,0,5,2,3,2
0,2,0,1,0,1,1.0,95.0,0.0,0,4,2,3,3
0,1,1,1,0,1,3.0,16.201,0.0,0,1,3,4,2
0,1,1,0,0,1,3.0,12.5,0.0,0,4,3,1,2
0,1,1,1,0,1,1.0,80.0,0.0,0,4,2,4,2
0,1,0,0,0,1,3.0,75.0,0.0,0,2,3,3,2
0,1,1,1,0,1,3.0,19.12,0.0,0,2,3,3,2
0,1,1,1,0,1,1.0,80.0,0.0,0,2,2,4,2
0,1,1,1,0,1,1.0,79.784,0.0,0,2,2,4,2
0,1,1,0,0,1,3.0,92.624,0.0,0,4,2,3,3
0,1,0,0,0,1,3.0,59.657,0.0,0,2,3,3,2
0,1,0,0,0,1,1.0,85.0,0.0,0,5,2,4,3
0,1,0,0,0,1,1.0,93.5,0.0,0,5,2,4,3
0,3,1,0,0,1,3.0,80.0,0.0,0,3,3,3,2
0,1,0,1,0,1,3.0,59.375,0.0,0,4,3,2,2
0,1,0,1,0,1,3.0,56.911,0.0,0,3,3,3,2
0,1,1,1,0,1,3.0,55.357,0.0,0,4,3,2,2
1,1,1,1,0,1,3.0,69.9,0.0,0,3,2,3,2
0,1,1,1,0,1,3.0,80.0,0.0,0,4,2,3,2
0,1,1,0,0,1,3.0,68.607,0.0,0,4,3,3,2
0,1,0,0,0,1,3.0,80.298,0.0,0,4,2,2,3
1,1,1,1,0,1,1.0,95.0,0.0,0,4,2,3,3
1,1,1,1,0,1,3.0,75.0,0.0,0,3,2,4,2
1,1,1,1,0,2,1.0,100.0,0.0,0,5,2,4,4
0,1,0,1,0,1,1.0,78.412,0.0,0,3,3,2,2
0,1,1,1,0,1,1.0,95.0,0.0,0,4,1,3,3
0,3,1,1,0,2,1.0,100.0,0.0,0,4,1,2,4
0,1,1,1,0,1,1.0,95.0,0.0,0,2,1,3,3
0,3,1,1,0,2,1.0,100.0,0.0,0,5,2,4,4
0,1,1,1,0,1,1.0,95.0,0.0,0,4,2,3,3
0,1,1,1,0,1,1.0,75.0,0.0,0,3,2,4,2
1,4,0,1,0,1,1.0,44.702,0.0,0,1,3,3,2
0,1,0,1,0,1,1.0,80.0,0.0,0,2,2,4,2
0,3,1,1,0,1,1.0,95.0,0.0,0,3,2,3,3
0,1,0,1,0,1,1.0,90.0,0.0,0,4,2,3,3
0,2,1,1,0,1,1.0,50.0,0.0,0,2,1,2,2
0,1,0,1,0,1,1.0,66.184,0.0,0,4,2,2,2
1,1,1,1,0,2,1.0,100.0,0.0,0,4,2,3,4
1,1,0,1,0,1,1.0,80.0,0.0,0,4,3,2,2
0,1,0,1,0,1,1.0,51.53,0.0,0,2,3,3,2
1,1,0,1,0,1,1.0,90.0,0.0,0,4,1,3,3
1,1,0,1,0,1,1.0,80.0,0.0,0,2,2,3,2
0,1,1,1,0,1,1.0,95.0,0.0,0,4,1,3,3
0,3,1,1,0,1,1.0,92.127,0.0,0,3,2,3,3
0,1,1,1,0,1,1.0,80.0,0.0,0,2,1,3,2
0,1,1,0,0,2,1.0,100.0,0.0,0,6,2,3,4
0,1,1,1,0,1,1.0,65.328,0.0,0,4,2,3,2
0,1,1,1,0,1,1.0,80.0,0.0,0,3,2,4,2
0,1,1,1,0,1,1.0,95.0,0.0,0,2,2,3,3
1,4,0,1,0,1,1.0,95.0,0.0,0,4,2,3,3
0,1,1,1,0,1,1.0,95.0,0.0,0,4,1,3,3
1,4,1,1,0,2,1.0,100.0,0.0,0,3,3,2,4
0,1,0,1,0,1,1.0,72.669,0.0,0,4,3,2,2
0,1,1,1,0,1,1.0,74.63,0.0,0,4,2,3,2
1,1,1,1,0,2,1.0,100.0,0.0,0,4,1,2,4
0,2,1,1,0,1,1.0,94.909,0.0,0,3,3,4,3
0,4,0,1,0,1,1.0,99.937,0.0,1,4,2,3,4
0,1,1,0,0,1,1.0,100.386,0.0,1,5,1,2,1
0,1,0,1,0,1,1.0,80.0,0.0,0,4,1,4,2
1,1,1,1,0,2,1.0,102.15,0.0,0,5,1,3,1
0,1,1,1,0,1,1.0,80.0,0.0,0,3,1,3,2
0,2,0,1,0,1,1.0,70.0,0.0,0,1,3,2,2
0,2,1,1,0,1,1.0,90.0,0.0,0,4,2,2,3
0,3,1,1,0,2,1.0,100.0,0.0,0,4,3,2,4
0,2,0,1,0,1,1.0,80.0,0.0,0,3,2,2,2
0,1,1,1,1,1,1.0,95.0,0.0,0,3,1,4,3
0,1,0,1,0,1,2.0,17.47,1.0,0,3,2,2,2
1,1,0,1,0,1,1.0,82.57,0.0,0,4,2,3,3
0,1,0,1,0,1,3.0,69.6,0.0,0,2,2,3,2
0,3,1,1,0,2,1.0,100.0,0.0,0,5,3,1,4
0,1,0,1,0,1,3.0,68.243,0.0,0,4,2,1,2
0,1,1,1,0,1,3.0,80.0,0.0,0,3,2,1,2
0,3,1,1,0,2,1.0,100.0,0.0,0,4,2,1,4
1,1,0,0,0,1,3.0,58.621,0.0,0,2,2,1,2
1,4,1,1,0,1,3.0,70.0,0.0,0,2,2,1,2
0,1,0,0,0,1,3.0,74.737,0.0,0,4,3,1,2
0,1,1,1,0,1,3.0,67.127,0.0,0,4,3,1,2
0,3,0,1,0,1,1.0,97.0,0.0,0,4,1,1,4
0,1,0,1,0,1,3.0,33.9,0.0,0,4,2,2,2
0,1,1,1,0,1,1.0,80.0,0.0,0,4,1,1,2
0,1,0,1,0,1,1.0,95.0,0.0,0,4,2,2,3
0,4,0,0,0,1,2.0,34.9,0.0,0,1,2,3,2
1,1,1,1,0,1,1.0,95.0,0.0,0,4,1,2,3
0,3,1,1,1,2,1.0,100.0,0.0,0,3,3,2,4
0,1,0,0,0,1,2.0,41.67,1.0,0,1,3,4,2
0,1,0,0,0,1,2.0,41.67,1.0,0,1,2,3,2
0,1,1,0,0,1,3.0,80.0,0.0,0,2,2,3,2
0,3,1,0,0,1,3.0,49.0,0.0,0,4,2,2,2
1,1,1,1,0,1,4.0,37.5,0.0,0,4,1,3,2
0,1,0,1,0,1,1.0,100.0,0.0,0,4,1,2,4
0,2,0,1,0,1,4.0,28.68,1.0,0,4,2,1,2
1,1,1,1,0,2,1.0,100.0,0.0,0,4,2,1,4
0,1,0,1,0,1,1.0,72.71,0.0,0,2,2,3,2
0,3,0,1,0,2,1.0,100.0,0.0,0,5,2,3,4
0,1,0,1,0,2,1.0,100.0,0.0,0,4,1,3,4
0,1,1,1,0,2,1.0,95.33,0.0,0,5,2,4,3
0,1,1,0,0,1,1.0,80.0,0.0,0,1,2,4,2
0,3,1,1,0,1,1.0,85.0,0.0,0,3,2,4,3
0,1,1,1,0,2,1.0,100.0,0.0,0,2,1,2,4
1,4,0,0,0,2,1.0,100.0,0.0,0,6,1,1,4
0,1,0,1,0,2,1.0,100.0,0.0,0,4,2,4,4
0,1,1,1,0,2,1.0,100.0,0.0,0,5,2,3,4
0,1,0,1,0,1,1.0,95.0,0.0,0,4,3,4,3
0,1,1,1,0,2,1.0,66.32,0.0,0,4,2,2,2
0,1,1,1,0,2,1.0,100.0,0.0,0,2,3,3,4
0,2,1,1,0,2,1.0,100.0,0.0,0,4,1,3,4
0,1,1,0,0,2,1.0,100.0,0.0,0,6,2,1,4
0,1,1,1,0,2,1.0,78.43,0.0,0,4,3,3,2
0,1,1,1,0,1,1.0,97.0,0.0,0,3,1,2,4
0,1,1,1,0,1,1.0,95.0,0.0,0,4,3,3,3
0,1,1,1,0,2,1.0,100.0,0.0,0,3,3,3,4
0,1,1,1,0,1,1.0,47.46,0.0,0,4,2,3,2
0,1,1,1,0,1,3.0,37.63,0.0,0,2,3,4,2
0,1,1,1,0,2,1.0,100.0,0.0,0,4,2,4,4
0,1,1,1,0,1,1.0,95.0,0.0,0,4,2,2,3
0,1,1,1,0,2,1.0,100.0,0.0,0,5,3,2,4
0,1,0,0,0,2,1.0,100.0,0.0,0,5,1,3,4
0,1,1,1,0,1,1.0,80.0,0.0,0,4,3,3,2
0,1,0,1,0,1,1.0,90.0,0.0,0,4,3,2,3
0,1,1,1,0,1,1.0,80.0,0.0,0,3,3,3,2
0,1,1,1,0,1,3.0,80.0,0.0,0,3,2,4,2
0,1,1,1,0,1,1.0,80.0,0.0,0,3,2,5,2
0,1,1,1,0,1,1.0,80.0,0.0,0,4,2,3,2
0,1,0,1,0,1,1.0,80.0,0.0,0,4,2,3,2
0,1,1,1,0,1,1.0,80.0,0.0,0,4,1,3,2
0,1,1,1,0,1,1.0,56.25,0.0,0,2,1,1,2
0,1,0,1,0,1,1.0,80.0,0.0,0,4,2,3,2
0,1,1,1,0,1,3.0,90.0,0.0,0,4,3,3,3
1,1,0,1,0,1,1.0,97.0,0.0,0,4,1,2,4
0,3,1,1,0,1,1.0,95.0,0.0,0,4,3,3,3
0,1,1,1,0,1,1.0,90.0,0.0,0,1,1,3,3
0,1,0,0,0,1,1.0,66.19,0.0,0,4,2,2,2
0,1,1,1,0,1,1.0,95.0,0.0,0,2,2,3,3
0,1,0,1,0,2,1.0,100.0,0.0,0,5,2,3,4
0,1,1,1,0,1,1.0,97.0,0.0,0,4,1,1,4
0,1,1,1,0,1,3.0,80.0,0.0,0,4,2,4,2
0,1,1,1,0,1,1.0,41.18,0.0,0,4,3,1,2
0,1,0,1,0,1,1.0,97.0,0.0,0,4,1,2,4
1,1,1,1,0,1,1.0,97.0,0.0,0,2,1,3,4
1,1,0,1,0,1,1.0,97.0,0.0,0,4,2,1,4
0,1,0,1,0,1,1.0,95.0,0.0,0,4,1,3,3
0,1,1,1,0,1,3.0,75.0,0.0,0,2,1,3,2
1,1,1,1,0,1,3.0,90.0,0.0,0,3,1,2,3
0,1,1,1,0,1,1.0,80.0,0.0,0,3,3,4,2
0,1,1,1,0,1,3.0,75.0,0.0,0,4,3,4,2
0,3,0,0,0,1,3.0,66.88,0.0,0,4,3,1,2
0,1,1,1,0,1,3.0,57.05,0.0,0,4,3,4,2
1,1,1,0,0,1,3.0,75.0,0.0,0,5,3,4,2
0,1,1,1,0,1,1.0,80.0,0.0,0,4,2,4,2
0,1,1,1,0,1,1.0,95.0,0.0,0,4,2,3,3
0,3,0,1,0,1,3.0,58.9,0.0,0,4,2,2,2
0,3,1,1,0,1,1.0,95.0,0.0,0,4,2,3,3
0,1,0,1,0,1,3.0,66.71,0.0,0,4,2,2,2
0,1,0,1,0,1,3.0,79.43,0.0,0,4,2,3,2
0,1,1,1,0,1,1.0,97.0,0.0,0,4,1,2,4
0,1,1,0,0,1,1.0,75.0,0.0,0,4,3,4,2
1,1,1,1,0,1,1.0,97.0,0.0,0,4,3,2,4
1,1,1,1,0,1,1.0,85.0,0.0,0,4,2,3,3
1,1,0,1,0,1,3.0,53.35,0.0,0,3,2,3,2
0,1,0,1,0,1,3.0,48.579,0.0,0,3,2,3,2
0,1,1,1,0,1,1.0,78.18448,0.0,0,1,3,3,2
0,1,1,1,0,1,1.0,73.0,0.0,0,4,1,3,2
0,1,1,1,0,2,1.0,100.0,0.0,0,5,2,3,4
0,1,1,1,0,1,1.0,80.0,0.0,0,4,2,2,2
0,1,1,1,0,1,4.0,63.0,0.0,0,1,2,4,2
0,1,0,0,0,1,3.0,80.0,0.0,0,4,2,2,2
0,1,0,1,0,1,1.0,80.0,0.0,0,2,2,4,2
0,1,0,1,0,1,3.0,60.0,0.0,0,3,3,4,2
0,1,0,1,0,1,3.0,63.0,0.0,0,2,2,3,2
0,1,1,0,0,1,1.0,75.0,0.0,0,4,3,3,2
0,1,0,1,0,1,1.0,80.0,0.0,0,3,2,3,2
0,1,0,1,0,1,1.0,85.0,0.0,0,4,3,3,3
0,1,1,0,0,1,1.0,85.0,0.0,0,4,2,3,3
0,1,1,1,0,1,3.0,80.0,0.0,0,2,2,4,2
0,1,1,1,0,1,1.0,96.93051,0.0,0,3,1,3,4
0,1,1,0,0,1,1.0,83.9026,0.0,0,1,3,2,3
0,1,0,1,0,1,1.0,98.49522,0.0,0,3,3,2,4
0,1,1,1,0,1,1.0,75.0,0.0,0,4,1,4,2
0,3,0,1,0,2,3.0,73.607,0.0,0,5,3,3,2
0,1,1,1,0,1,1.0,75.0,0.0,0,4,1,4,2
1,1,1,1,0,1,3.0,75.0,0.0,0,4,1,4,2
0,1,1,1,0,1,3.0,75.0,0.0,0,4,1,4,2
0,1,0,0,0,1,3.0,47.529,0.0,0,4,2,3,2
0,1,1,1,0,1,1.0,91.469,0.0,0,4,1,3,3
0,1,1,1,0,1,1.0,95.0,0.0,0,4,2,3,3
0,1,0,1,0,1,1.0,95.0,0.0,0,2,2,5,3
0,3,0,1,0,1,3.0,89.903,0.0,0,2,2,3,3
0,1,0,1,0,1,2.0,80.0,0.0,0,4,3,4,2
0,1,1,1,0,1,3.0,70.0,0.0,0,4,2,4,2
0,1,1,1,0,1,3.0,74.859,0.0,0,1,3,3,2
0,1,0,1,0,1,3.0,32.653,0.0,0,2,2,4,2
0,1,1,1,0,1,1.0,89.362,0.0,0,3,3,3,3
0,1,0,1,0,1,3.0,63.327,0.0,0,3,3,4,2
0,1,1,1,0,1,1.0,97.0,0.0,0,4,3,3,4
0,2,1,1,0,1,3.0,79.722,0.0,0,4,1,2,2
0,1,1,1,0,1,3.0,74.327,0.0,0,4,2,3,2
0,1,0,1,0,1,1.0,95.0,0.0,0,4,1,2,3
0,1,1,1,0,1,3.0,93.5,0.0,0,2,1,3,3
0,1,0,1,0,1,1.0,89.468,0.0,0,2,1,3,3
0,1,1,1,0,1,3.0,80.0,0.0,0,4,3,3,2
0,1,0,1,0,1,1.0,37.037,0.0,0,4,2,2,2
0,1,1,1,0,1,1.0,80.0,0.0,0,2,1,3,2
0,1,1,1,0,1,1.0,95.0,0.0,0,2,2,4,3
1,1,1,1,0,1,3.0,89.623,0.0,0,3,3,4,3
0,1,1,1,0,1,1.0,51.79,0.0,0,3,3,3,2
0,1,0,1,0,1,3.0,71.56,0.0,0,3,3,3,2
0,1,1,1,0,1,1.0,80.0,0.0,0,4,3,2,2
0,3,0,1,0,1,1.0,95.0,0.0,0,3,3,3,3
0,1,0,1,0,1,1.0,75.0,0.0,0,4,2,5,2
0,1,1,1,0,2,1.0,100.0,0.0,0,4,2,3,4
0,1,1,1,0,1,1.0,80.0,0.0,0,4,2,4,2
0,1,0,1,0,1,3.0,84.313,0.0,0,4,3,3,3
0,1,0,1,0,1,3.0,95.0,0.0,0,4,3,2,3
0,1,1,1,0,1,1.0,90.0,0.0,0,3,1,3,3
0,1,1,1,0,1,1.0,97.0,0.0,0,4,1,3,4
0,1,0,1,0,1,3.0,68.957,0.0,0,4,2,3,2
0,1,1,1,0,2,1.0,95.69,0.0,0,4,3,3,3
0,1,1,1,0,1,1.0,90.0,0.0,0,4,2,3,3
0,1,1,1,0,1,4.0,75.0,0.0,0,1,2,3,2
0,1,1,1,0,1,1.0,80.0,0.0,0,4,2,3,2
0,3,0,1,0,2,3.0,90.0,0.0,0,4,2,3,3
0,1,0,1,0,1,1.0,80.0,0.0,0,2,3,2,2
0,1,0,1,0,1,1.0,97.0,0.0,0,4,2,4,4
0,1,1,1,0,1,3.0,67.115,0.0,0,3,1,3,2
0,1,1,1,0,1,3.0,68.274,0.0,0,2,1,4,2
0,1,1,1,0,1,1.0,70.431,0.0,0,2,1,4,2
0,1,1,1,0,1,3.0,66.204,0.0,0,2,1,4,2
0,1,0,1,0,1,4.0,53.878,0.0,0,4,3,1,2
1,1,1,1,0,1,3.0,48.75,0.0,0,2,1,1,2
0,1,0,1,0,1,1.0,95.0,0.0,0,3,1,2,3
1,1,1,1,0,1,3.0,60.0,0.0,0,4,3,2,2
0,1,1,1,0,1,3.0,57.616,0.0,0,2,1,4,2
0,3,0,0,0,2,3.0,90.0,0.0,0,4,2,3,3
0,4,0,0,0,1,1.0,95.0,0.0,0,4,1,1,3
0,3,1,0,0,2,1.0,100.0,0.0,0,4,3,1,4
0,1,1,0,0,1,1.0,95.0,0.0,0,2,3,1,3
0,3,0,1,0,1,1.0,95.0,0.0,0,4,3,1,3
0,1,1,1,0,1,1.0,40.0,0.0,0,1,3,3,2
0,1,1,0,0,1,1.0,95.0,0.0,0,6,3,1,3
0,1,1,0,0,1,1.0,95.0,0.0,0,5,3,1,3
0,1,1,1,0,1,3.0,78.316,0.0,0,1,2,4,2
0,1,1,1,0,1,3.0,67.347,0.0,0,2,3,2,2
0,1,1,1,0,1,3.0,49.296,0.0,0,4,3,1,2
0,1,0,1,0,1,3.0,45.366,0.0,0,3,2,3,2
0,1,1,1,0,1,1.0,74.999,0.0,0,1,2,4,2
0,1,1,1,0,1,2.0,80.0,0.0,0,4,2,2,2
0,1,1,1,0,1,2.0,80.0,0.0,0,3,2,2,2
0,1,0,1,0,1,2.0,73.982,0.0,0,4,3,1,2
1,1,1,1,0,1,3.0,80.0,0.0,0,4,3,1,2
0,1,1,1,0,1,2.0,73.904,0.0,0,4,3,3,2
0,3,1,1,0,1,2.0,80.0,0.0,0,3,2,2,2
0,4,0,1,0,1,2.0,80.0,0.0,0,3,3,1,2
0,1,1,1,0,1,3.0,27.154,0.0,0,2,3,3,2
0,1,1,1,0,1,3.0,50.494,0.0,0,4,2,3,2
0,3,1,0,0,1,3.0,63.492,0.0,0,5,2,2,2
0,1,1,1,0,1,3.0,88.707,0.0,0,4,1,4,3
0,1,1,1,0,1,1.0,95.0,0.0,0,1,2,4,3
0,1,1,1,0,1,1.0,90.0,0.0,0,4,2,3,3
1,1,0,1,0,1,3.0,77.238,0.0,0,4,2,4,2
0,3,0,1,0,1,1.0,97.0,0.0,0,4,1,1,4
1,1,1,0,0,1,1.0,95.0,0.0,0,4,1,2,3
0,3,1,0,0,1,1.0,95.0,0.0,0,4,3,2,3
0,1,1,1,0,1,3.0,70.0,0.0,0,4,2,3,2
0,1,0,1,0,1,1.0,80.0,0.0,0,4,2,2,2
0,3,1,1,0,1,1.0,90.0,0.0,0,4,2,4,3
0,1,0,1,0,1,3.0,80.0,0.0,0,4,2,2,2
0,3,0,1,0,1,1.0,97.0,0.0,0,3,1,3,4
0,1,1,1,0,1,2.0,75.0,0.0,0,4,3,4,2
0,1,1,1,0,1,1.0,80.0,0.0,0,2,3,4,2
0,1,1,1,0,1,1.0,100.0,0.0,1,4,2,3,4
0,1,1,1,0,1,1.0,95.0,0.0,0,4,2,3,3
0,1,1,1,0,1,1.0,97.0,0.0,0,4,1,3,4
1,1,1,1,0,1,1.0,100.43,0.0,1,4,2,2,1
0,3,0,1,0,1,1.0,100.43,0.0,1,5,1,3,1
0,1,1,1,0,1,3.0,80.0,0.0,0,2,3,3,2
0,1,1,1,0,1,1.0,100.0,0.0,1,4,2,3,4
0,1,1,1,0,1,1.0,75.0,0.0,0,2,2,5,2
0,1,0,1,1,1,1.0,80.0,0.0,0,3,2,3,2
0,1,0,1,0,1,1.0,95.57,0.0,0,2,2,3,3
1,1,1,1,0,1,3.0,60.35,0.0,0,4,1,3,2
0,1,1,1,0,1,1.0,95.0,0.0,0,4,1,4,3
0,1,1,0,0,1,1.0,95.0,0.0,0,6,1,4,3
0,1,0,1,0,1,1.0,100.0,0.0,0,4,2,2,4
0,1,1,1,0,1,3.0,84.84,0.0,0,4,3,4,3
0,1,0,1,0,1,3.0,75.0,0.0,0,3,1,2,2
0,1,1,1,0,1,3.0,36.0,0.0,0,2,2,2,2
1,1,1,1,0,1,1.0,97.0,0.0,0,2,1,2,4
0,1,1,1,0,1,1.0,80.0,0.0,0,4,1,4,2
0,1,1,1,0,1,1.0,77.0,0.0,0,1,3,3,2
0,2,1,1,0,1,1.0,80.0,0.0,0,4,1,2,2
0,1,0,1,0,1,1.0,54.0,0.0,0,2,2,2,2
0,1,1,1,0,1,1.0,95.0,0.0,0,3,1,2,3
0,1,0,1,0,1,3.0,60.0,0.0,0,4,2,3,2
0,1,1,1,0,1,3.0,38.0,0.0,0,4,3,1,2
0,3,1,1,0,1,1.0,95.0,0.0,0,4,2,2,3
0,1,1,1,0,1,3.0,80.0,0.0,0,3,2,4,2
0,1,0,1,0,1,3.0,79.0,0.0,0,4,2,2,2
1,1,1,1,0,1,1.0,95.0,0.0,0,4,3,1,3
0,1,0,1,0,1,3.0,78.0,0.0,0,4,3,2,2
1,1,0,0,0,1,3.0,52.0,0.0,0,4,2,1,2
0,1,0,1,0,1,1.0,80.0,0.0,0,2,1,2,2
0,1,1,1,0,1,1.0,90.0,0.0,0,3,2,4,3
0,1,1,1,0,1,3.0,80.0,0.0,0,2,3,4,2
0,1,1,1,0,1,3.0,80.0,0.0,0,3,3,4,2
0,1,1,1,0,1,3.0,80.0,0.0,0,4,2,3,2
1,1,1,0,0,1,1.0,90.0,0.0,0,2,2,2,3
0,1,0,1,0,1,3.0,50.0,0.0,0,2,2,2,2
0,1,1,1,0,1,3.0,39.0,0.0,0,2,2,4,2
0,1,0,1,0,1,3.0,54.0,0.0,0,4,3,1,2
0,1,1,1,0,1,1.0,85.0,0.0,0,3,2,3,3
0,1,0,1,0,1,3.0,43.0,0.0,0,4,3,1,2
0,1,0,1,0,1,1.0,80.0,0.0,0,3,3,4,2
0,1,0,1,0,1,1.0,90.0,0.0,0,3,1,3,3
0,1,1,1,0,1,3.0,78.0,0.0,0,4,1,2,2
0,1,0,1,0,1,3.0,64.0,0.0,0,3,2,2,2
1,1,0,1,0,1,1.0,95.0,0.0,0,4,2,2,3
0,1,1,1,0,1,1.0,90.0,0.0,0,4,3,3,3
0,1,0,1,0,1,3.0,58.0,0.0,0,4,3,3,2
1,1,0,1,0,1,3.0,53.0,0.0,0,3,3,1,2
0,1,0,1,0,1,1.0,89.0,0.0,0,3,2,3,3
0,2,1,1,0,1,3.0,80.0,0.0,0,2,2,4,2
0,1,0,1,0,1,1.0,80.0,0.0,0,3,1,2,2
1,1,1,1,0,1,1.0,80.0,0.0,0,4,2,1,2
0,1,1,1,0,1,1.0,37.0,0.0,0,4,3,2,2
0,1,0,1,0,1,3.0,30.0,0.0,0,4,3,2,2
0,1,0,1,0,1,1.0,80.0,0.0,0,4,2,2,2
0,3,0,0,0,1,4.0,78.12,0.0,0,6,3,3,2
0,3,1,0,0,1,2.0,80.31,0.0,0,4,1,3,3
0,1,1,0,0,1,2.0,60.0,0.0,0,4,3,3,2
0,3,0,0,0,1,4.0,60.0,0.0,0,6,1,1,2
0,1,1,0,0,1,2.0,30.93,0.0,0,2,1,1,2
1,4,0,0,0,1,4.0,35.71,0.0,0,4,3,1,2
1,3,0,0,0,1,2.0,67.81,0.0,0,5,2,3,2
0,4,0,0,0,1,2.0,29.41,0.0,0,5,3,1,2
1,1,1,0,0,1,2.0,80.0,0.0,0,1,2,3,2
0,1,1,1,0,1,3.0,74.07,0.0,0,4,3,2,2
1,4,1,1,0,1,3.0,52.63,0.0,0,2,2,1,2
0,1,0,0,0,1,4.0,63.14,0.0,0,6,3,1,2
0,1,0,1,0,1,4.0,46.51,0.0,0,1,3,3,2
0,1,1,0,0,1,4.0,80.0,0.0,0,3,3,4,2
1,4,0,0,0,1,4.0,47.5,0.0,0,5,2,2,2
0,1,1,1,0,1,2.0,77.15,0.0,0,4,2,4,2
0,1,1,1,0,1,4.0,26.32,0.0,0,3,3,1,2
0,1,0,0,0,1,4.0,24.27,0.0,0,2,3,2,2
1,4,1,0,0,1,2.0,46.3,0.0,0,4,3,1,2
1,1,0,0,0,1,2.0,36.76,0.0,0,5,3,2,2
0,3,1,0,0,1,2.0,17.86,0.0,0,6,3,2,2
0,1,0,0,0,1,2.0,14.88,0.0,0,4,3,1,2
0,3,0,0,0,1,3.0,30.43,0.0,0,4,3,3,2
0,1,0,0,0,1,2.0,68.41,0.0,0,6,3,3,2
0,1,0,0,0,1,4.0,51.84,0.0,0,4,3,1,2
0,3,1,1,0,1,2.0,40.0,0.0,0,4,3,2,2
1,1,1,0,0,1,4.0,80.0,0.0,0,5,3,3,2
1,1,1,0,0,1,4.0,80.0,0.0,0,2,3,3,2
0,1,0,1,0,1,4.0,53.157,0.0,0,3,2,3,2
0,1,1,1,0,1,1.0,80.0,0.0,0,2,3,3,2
0,1,1,1,0,1,1.0,95.0,0.0,0,4,2,4,3
0,1,0,1,0,1,3.0,80.0,0.0,0,4,3,3,2
0,1,0,0,0,1,1.0,74.074,0.0,0,1,2,3,2
1,1,1,1,0,1,1.0,95.0,0.0,0,4,1,2,3
0,2,0,1,0,1,3.0,63.64,0.0,0,4,3,1,2
0,4,1,0,0,1,3.0,80.0,0.0,0,3,3,3,2
0,1,1,1,0,1,1.0,97.0,0.0,0,2,1,2,4
0,1,0,1,0,1,3.0,74.554,0.0,0,3,2,3,2
0,1,1,1,0,1,3.0,70.652,0.0,0,2,3,3,2
1,1,0,1,0,1,1.0,95.0,0.0,0,3,2,2,3
0,1,1,1,0,2,1.0,100.0,0.0,0,4,3,2,4
0,3,1,1,0,1,3.0,89.99,0.0,1,4,2,4,3
0,1,0,1,0,1,3.0,75.0,0.0,0,2,2,3,2
0,3,1,1,0,1,3.0,72.181,0.0,0,3,2,3,2
0,1,1,1,0,1,3.0,80.0,0.0,0,4,3,3,2
0,1,1,1,0,1,1.0,77.193,0.0,0,4,3,4,2
0,1,1,1,0,1,3.0,75.0,0.0,0,4,1,3,2
0,1,1,1,1,1,1.0,75.0,0.0,0,2,1,4,2
0,1,1,1,0,2,1.0,85.0,0.0,0,5,2,3,3
0,1,0,0,0,1,3.0,16.667,0.0,0,4,3,1,2
0,1,1,0,0,1,2.0,44.444,0.0,0,5,2,3,2
0,1,0,0,0,1,3.0,34.884,0.0,0,4,3,2,2
0,1,0,1,0,1,2.0,68.627,0.0,0,4,2,2,2
1,1,0,1,0,1,1.0,95.0,0.0,0,2,1,4,3
0,1,1,1,1,2,1.0,100.0,0.0,0,4,3,2,4
1,1,1,1,0,1,1.0,75.0,0.0,0,4,2,4,2
0,1,0,0,0,1,3.0,73.53,1.0,0,5,3,2,2
0,1,0,1,0,1,3.0,49.78,1.0,0,5,3,3,2
1,1,0,0,0,1,3.0,79.23,1.0,0,6,3,2,2
0,1,1,0,0,1,2.0,80.4,1.0,0,6,3,2,3
0,1,0,1,0,1,4.0,73.84,1.0,0,3,2,3,2
0,1,0,0,0,1,3.0,100.0,1.0,0,4,3,2,4
0,1,1,0,0,1,4.0,6.06,1.0,0,1,2,2,2
0,1,0,1,0,1,1.0,73.03,1.0,0,3,2,3,2
0,1,0,0,0,1,4.0,58.39,0.0,0,6,2,1,2
1,1,1,1,0,1,1.0,97.0,0.0,0,3,1,2,4
0,1,1,0,0,1,2.0,80.0,1.0,0,3,3,4,2
1,3,0,0,0,1,2.0,60.0,1.0,0,1,2,2,2
0,1,0,1,0,1,3.0,72.43,1.0,0,2,3,3,2
0,1,0,1,0,1,1.0,75.0,0.0,0,4,3,3,2
1,1,1,0,0,1,2.0,72.0,1.0,0,4,2,2,2
0,1,1,0,0,1,4.0,83.18,1.0,0,4,2,4,3
1,1,0,0,0,1,2.0,91.71,1.0,0,6,3,1,3
0,1,0,0,0,1,4.0,71.43,1.0,0,6,3,1,2
0,1,1,1,0,1,1.0,100.0,0.0,0,4,1,2,4
0,1,1,1,0,1,1.0,95.0,0.0,0,4,1,2,3
0,3,0,0,0,1,2.0,80.0,1.0,0,6,3,1,2
0,1,1,0,0,1,2.0,75.0,1.0,0,3,3,4,2
0,1,1,0,0,1,4.0,79.69,1.0,0,6,3,1,2
1,1,1,1,0,1,1.0,100.0,0.0,0,4,1,2,4
1,1,1,1,0,1,1.0,80.0,0.0,0,2,1,3,2
1,1,1,1,0,1,4.0,44.22,1.0,0,2,3,2,2
1,1,1,0,0,1,2.0,29.09,1.0,0,3,3,3,2
0,1,1,0,0,1,4.0,182.19,1.0,0,4,2,3,1
0,1,1,1,0,1,4.0,75.3,1.0,0,1,2,4,2
0,3,1,0,0,1,4.0,58.29,1.0,0,6,3,3,2
0,3,1,0,0,1,4.0,49.52,1.0,0,6,3,2,2
0,1,0,1,0,1,3.0,35.14,1.0,0,4,3,2,2
0,3,0,0,0,1,2.0,76.92,1.0,0,6,3,2,2
0,1,1,1,0,1,3.0,72.2,1.0,0,3,3,3,2
0,1,0,1,0,1,3.0,46.44,0.0,0,2,1,3,2
0,1,1,0,0,1,2.0,88.68,1.0,0,6,1,3,3
0,1,1,1,0,1,2.0,31.85,1.0,0,3,3,4,2
1,1,1,0,0,1,2.0,45.45,1.0,0,5,2,1,2
0,3,0,0,0,1,3.0,80.0,1.0,0,1,3,4,2
0,1,1,0,0,1,4.0,64.98,0.0,0,4,2,3,2
0,1,1,1,0,1,1.0,85.0,0.0,0,2,2,5,3
0,1,1,0,0,1,4.0,75.0,1.0,0,3,1,4,2
0,1,0,0,0,1,2.0,13.72,1.0,0,6,2,1,2
0,3,0,1,0,1,1.0,100.0,0.0,0,4,2,3,4
1,1,0,0,0,1,3.0,23.33,0.0,0,4,3,2,2
0,1,1,1,0,1,4.0,48.53,1.0,0,4,3,3,2
0,2,0,0,0,1,4.0,31.25,1.0,0,1,2,5,2
0,1,1,1,0,1,3.0,76.0,1.0,0,4,3,3,2
1,1,1,1,0,1,2.0,40.63,1.0,0,4,2,1,2
0,1,1,0,0,1,2.0,100.0,0.0,0,1,2,5,4
0,1,0,1,0,1,2.0,31.91,1.0,0,5,2,2,2
0,1,0,1,0,1,3.0,57.89,1.0,0,4,3,3,2
0,1,1,0,0,1,3.0,90.32,1.0,0,4,2,3,3
0,1,1,0,0,1,3.0,80.0,1.0,0,2,3,3,2
0,1,0,0,0,1,4.0,68.0,1.0,0,6,3,1,2
0,1,1,0,0,1,4.0,62.71,1.0,0,4,2,3,2
0,3,0,0,0,1,2.0,80.77,1.0,0,5,2,2,3
1,1,1,0,0,1,2.0,37.5,1.0,0,1,3,3,2
0,1,1,0,0,1,4.0,80.18,1.0,0,4,3,1,3
1,1,1,0,0,1,3.0,90.0,1.0,0,6,3,1,3
0,3,1,1,0,1,2.0,80.0,1.0,0,4,1,2,2
1,1,1,0,0,1,1.0,38.46,1.0,0,6,3,1,2
0,1,1,1,0,1,3.0,70.0,0.0,0,4,2,3,2
0,3,0,0,0,1,1.0,66.04,1.0,0,5,2,1,2
0,1,0,1,0,1,1.0,80.0,0.0,0,4,2,2,2
0,1,1,1,0,1,3.0,64.375,0.0,0,2,2,3,2
0,1,1,1,0,1,1.0,80.0,0.0,0,4,3,2,2
0,1,0,1,0,1,1.0,80.0,0.0,0,1,2,4,2
0,1,1,0,0,1,2.0,80.0,0.0,0,4,2,4,2
0,1,0,1,0,1,1.0,80.0,0.0,0,4,3,3,2
0,1,1,1,0,1,1.0,97.0,0.0,0,2,3,1,4
0,1,1,1,0,1,3.0,93.623,0.0,0,2,2,4,3
0,1,0,1,0,1,1.0,90.0,0.0,0,4,1,2,3
0,1,1,1,0,1,2.0,73.244,0.0,0,2,2,4,2
0,1,1,1,0,1,1.0,95.0,0.0,0,2,2,4,3
0,1,1,1,0,1,1.0,64.979,0.0,0,2,2,3,2
0,1,0,1,0,1,1.0,96.973,0.0,0,4,2,2,4
0,1,0,1,0,1,1.0,90.0,0.0,0,3,1,2,3
0,1,1,1,0,1,1.0,80.0,0.0,0,4,2,3,2
0,1,0,1,0,1,3.0,80.0,0.0,0,4,2,3,2
0,1,1,1,0,1,1.0,85.0,0.0,0,2,1,3,3
0,1,1,1,0,1,3.0,70.25,0.0,0,4,1,2,2
0,1,1,0,0,1,3.0,92.25,0.0,0,5,1,3,3
0,1,1,1,0,2,1.0,100.0,0.0,0,2,2,4,4
0,1,0,1,0,1,3.0,80.0,0.0,0,4,3,3,2
0,1,0,1,0,1,1.0,80.0,0.0,0,4,2,3,2
0,1,1,1,0,1,1.0,94.119,0.0,0,2,1,3,3
0,1,1,1,0,1,2.0,61.0,0.0,0,2,2,4,2
0,1,1,1,0,1,1.0,75.0,0.0,0,4,2,3,2
0,1,0,1,0,1,1.0,90.0,0.0,0,3,3,4,3
0,1,1,1,0,1,3.0,86.019,0.0,0,4,1,3,3
0,1,1,1,0,1,3.0,74.969,0.0,0,2,1,1,2
0,1,1,1,0,1,1.0,69.697,0.0,0,4,3,2,2
0,1,1,1,0,1,1.0,68.627,0.0,0,4,2,2,2
0,1,1,1,0,1,1.0,90.0,0.0,0,4,1,2,3
0,1,1,1,0,1,1.0,90.0,0.0,0,2,1,4,3
0,1,0,1,0,1,1.0,96.852,0.0,0,4,1,2,4
0,1,1,1,0,1,1.0,95.0,0.0,0,4,2,3,3
0,1,0,1,0,1,2.0,56.991,0.0,0,4,3,1,2
0,4,0,1,0,1,1.0,97.0,0.0,0,4,1,3,4
0,1,0,1,0,1,1.0,97.0,0.0,0,4,1,3,4
0,1,0,1,0,1,1.0,101.706,0.0,0,2,1,2,1
0,1,1,1,0,1,1.0,99.75,0.0,0,4,2,2,4
0,1,1,1,0,1,1.0,95.0,0.0,0,2,2,3,3
0,1,1,1,0,1,1.0,70.238,0.0,0,2,2,3,2
0,1,0,1,0,1,1.0,80.0,0.0,0,2,1,3,2
0,1,0,1,0,1,1.0,80.0,0.0,0,4,3,3,2
1,1,1,1,0,1,1.0,90.0,0.0,0,3,3,4,3
0,1,0,1,0,1,1.0,97.0,0.0,0,3,1,2,4
0,3,0,1,0,3,3.0,101.01,0.0,0,3,2,3,1
0,1,1,1,0,1,1.0,95.0,0.0,0,4,2,3,3
0,1,0,1,0,1,3.0,39.53,0.0,0,1,2,3,2
0,1,1,1,0,1,1.0,95.0,0.0,0,4,1,3,3
0,1,0,1,0,1,1.0,90.0,0.0,0,2,2,3,3
1,1,1,1,0,1,1.0,96.168,0.0,0,4,2,2,3
0,1,0,1,0,1,1.0,90.0,0.0,0,4,1,3,3
0,1,0,1,0,1,3.0,75.0,0.0,0,4,2,3,2
0,1,1,1,0,1,1.0,85.0,0.0,0,2,2,3,3
0,1,0,1,0,1,1.0,66.0,0.0,0,4,2,3,2
0,1,0,1,0,1,3.0,82.794,0.0,0,4,2,2,3
1,1,0,1,0,1,1.0,97.0,0.0,0,4,2,2,4
0,1,1,1,0,1,3.0,83.08,0.0,0,2,1,3,3
0,1,1,1,0,1,1.0,95.0,0.0,0,3,2,4,3
0,1,1,1,0,1,1.0,68.0,0.0,0,4,3,2,2
0,1,0,1,0,1,3.0,95.0,0.0,0,2,1,3,3
0,1,0,1,0,1,1.0,85.0,0.0,0,4,2,3,3
0,1,1,1,0,1,1.0,97.0,0.0,0,4,1,2,4
0,1,0,1,0,1,1.0,73.214,0.0,0,4,2,2,2
0,1,0,1,0,1,1.0,36.053,0.0,0,2,2,3,2
0,1,0,1,0,1,1.0,95.0,0.0,0,4,2,4,3
1,1,0,1,0,1,1.0,95.0,0.0,0,2,1,2,3
1,3,1,1,0,2,1.0,100.0,0.0,0,4,2,3,4
0,1,1,0,0,1,3.0,86.5,0.0,0,1,2,4,3
0,3,1,1,0,1,1.0,97.0,0.0,0,2,2,3,4
0,1,0,1,0,1,2.0,41.801,0.0,0,2,2,2,2
0,1,0,1,0,1,1.0,90.0,0.0,0,3,3,3,3
0,2,1,1,0,1,1.0,80.0,0.0,0,1,1,3,2
0,1,1,1,0,1,1.0,95.0,0.0,0,2,1,3,3
0,1,1,1,0,1,3.0,73.08,0.0,0,4,2,3,2
0,1,1,1,0,1,3.0,77.377,0.0,0,4,1,2,2
0,1,1,1,0,1,1.0,97.0,0.0,0,4,2,2,4
0,1,1,1,0,1,1.0,75.0,0.0,0,2,1,2,2
0,1,1,1,0,1,1.0,97.0,0.0,0,4,1,3,4
0,1,0,0,0,1,3.0,80.567,0.0,0,2,2,2,3
0,3,0,1,0,1,2.0,63.889,0.0,0,2,3,3,2
0,1,1,1,0,1,3.0,90.0,0.0,0,3,1,3,3
0,2,0,1,0,1,1.0,80.0,0.0,0,4,2,3,2
0,1,1,1,0,1,2.0,65.245,0.0,0,4,2,3,2
1,1,0,1,0,1,1.0,90.0,0.0,0,3,3,2,3
0,1,1,1,0,1,1.0,72.207,0.0,0,3,1,2,2
0,3,1,1,0,2,1.0,100.0,0.0,0,5,2,3,4
0,1,1,1,0,2,1.0,100.0,0.0,0,4,1,3,4
0,1,0,1,0,1,1.0,25.849,0.0,0,1,2,3,2
0,1,1,1,0,1,1.0,80.0,0.0,0,3,3,2,2
0,1,0,1,0,1,1.0,97.0,0.0,0,4,2,3,4
0,1,0,1,0,1,3.0,82.519,0.0,0,4,2,4,3
0,1,1,1,0,1,1.0,97.0,0.0,0,4,1,2,4
0,1,0,1,0,1,1.0,97.0,0.0,0,4,1,2,4
0,1,1,1,0,1,1.0,95.0,0.0,0,4,3,3,3
0,1,1,1,0,1,3.0,87.727,0.0,0,2,2,4,3
0,1,1,1,0,1,1.0,95.0,0.0,0,4,1,3,3
0,1,0,1,0,1,1.0,95.0,0.0,0,3,2,3,3
0,2,1,1,0,1,1.0,91.753,0.0,0,4,1,1,3
0,1,1,1,0,1,3.0,58.419,0.0,0,2,3,3,2
0,1,0,1,0,1,2.0,49.505,0.0,0,4,3,1,2
0,1,0,1,0,1,1.0,95.0,0.0,0,1,2,3,3
0,1,1,1,0,1,3.0,93.189,0.0,0,3,2,2,3
0,1,0,1,0,1,1.0,95.0,0.0,0,2,1,3,3
0,1,0,1,0,1,1.0,67.391,0.0,0,3,1,2,2
0,2,1,0,0,1,1.0,75.0,0.0,0,6,2,1,2
0,1,1,1,0,1,3.0,79.907,0.0,0,4,1,2,2
0,1,1,1,0,1,3.0,69.519,0.0,0,4,1,3,2
0,1,0,1,0,1,1.0,65.035,0.0,0,3,3,3,2
0,1,0,1,0,1,1.0,80.0,0.0,0,2,3,3,2
0,1,1,1,0,1,3.0,95.0,0.0,0,3,1,3,3
0,1,0,1,0,1,1.0,73.684,0.0,0,4,2,2,2
0,1,0,1,0,1,1.0,97.0,0.0,0,4,3,1,4
0,1,0,1,0,1,1.0,80.0,0.0,0,4,3,2,2
0,2,1,1,0,1,3.0,83.963,0.0,0,2,1,3,3
0,1,0,1,0,1,1.0,97.0,0.0,0,4,1,1,4
0,1,0,1,0,1,1.0,89.474,0.0,0,2,2,3,3
0,1,1,1,0,1,1.0,76.564,0.0,0,2,1,3,2
0,1,0,1,0,1,1.0,95.0,0.0,0,2,3,3,3
0,1,1,1,0,1,1.0,95.0,0.0,0,1,2,4,3
0,1,1,1,0,1,3.0,82.553,0.0,0,4,3,3,3
0,1,1,1,0,1,1.0,89.373,0.0,0,4,3,1,3
0,1,0,1,0,1,1.0,70.0,0.0,0,4,2,3,2
0,1,1,0,0,1,3.0,87.11,0.0,0,4,2,3,3
0,1,0,1,0,1,3.0,65.132,0.0,0,1,2,4,2
0,1,0,1,0,1,1.0,85.0,0.0,0,2,3,3,3
0,1,1,1,0,1,1.0,95.0,0.0,0,2,1,4,3
0,1,1,1,0,1,1.0,80.0,0.0,0,1,1,4,2
0,1,0,1,0,1,3.0,78.667,0.0,0,2,2,2,2
0,1,0,1,0,1,3.0,89.137,0.0,0,4,3,2,3
0,1,1,1,0,2,1.0,100.0,0.0,0,5,1,2,4
1,4,1,0,0,1,3.0,94.95,0.0,0,5,2,3,3
0,1,1,1,0,1,1.0,90.0,0.0,0,4,2,4,3
0,1,1,1,0,2,1.0,100.0,0.0,0,5,2,3,4
0,1,1,1,0,1,3.0,70.0,0.0,0,2,3,3,2
0,1,0,1,0,1,1.0,93.548,0.0,0,4,2,2,3
0,1,0,1,0,1,1.0,94.998,0.0,0,4,1,2,3
0,1,0,1,0,1,1.0,80.0,0.0,0,4,3,3,2
0,3,0,1,0,2,1.0,100.0,0.0,0,4,2,3,4
0,1,1,1,0,2,1.0,100.0,0.0,0,6,3,4,4
0,1,0,1,0,1,1.0,95.0,0.0,0,4,2,3,3
0,1,0,1,0,1,1.0,67.254,0.0,0,2,3,2,2
0,1,1,1,0,2,1.0,100.0,0.0,0,4,3,3,4
0,1,1,1,0,1,3.0,74.963,0.0,0,2,3,3,2
0,1,1,1,0,1,1.0,80.0,0.0,0,4,2,2,2
1,1,1,1,0,1,1.0,97.0,0.0,0,2,1,3,4
0,1,1,1,0,1,1.0,90.076,0.0,0,2,3,4,3
0,1,0,1,0,1,1.0,80.0,0.0,0,2,1,3,2
1,1,1,1,0,1,1.0,95.0,0.0,0,1,1,4,3
0,1,1,1,0,1,1.0,95.0,0.0,0,3,2,3,3
0,1,0,0,0,1,1.0,59.184,0.0,0,6,3,2,2
1,4,1,1,0,1,1.0,99.749,0.0,0,3,1,1,4
1,4,1,1,0,1,1.0,91.494,0.0,0,2,2,4,3
0,1,1,1,0,1,3.0,60.997,0.0,0,4,2,3,2
0,1,0,1,0,1,1.0,97.0,0.0,0,4,1,2,4
1,1,1,1,0,1,1.0,75.0,0.0,0,4,2,3,2
0,1,1,1,0,1,3.0,69.982,0.0,0,2,3,4,2
1,1,1,1,0,1,1.0,99.656,0.0,0,4,3,2,4
0,1,1,1,0,1,3.0,74.097,0.0,0,5,2,3,2
0,1,1,1,0,1,1.0,95.0,0.0,0,4,1,3,3
0,4,1,1,0,1,1.0,80.0,0.0,0,4,1,3,2
0,1,0,1,0,1,1.0,80.0,0.0,0,4,3,3,2
0,1,1,1,0,1,1.0,74.827,0.0,0,4,3,2,2
0,1,1,1,0,1,3.0,78.067,0.0,0,4,3,1,2
0,1,0,1,0,1,1.0,97.0,0.0,0,4,1,2,4
0,1,1,1,0,1,1.0,97.0,0.0,0,4,1,3,4
0,1,0,1,0,1,1.0,94.803,0.0,0,2,2,3,3
0,1,1,1,0,1,2.0,50.085,0.0,0,2,2,4,2
1,1,1,0,0,1,1.0,99.87,0.0,0,4,3,2,4
0,1,1,1,0,1,1.0,67.568,0.0,0,4,3,2,2
0,1,1,1,0,1,1.0,95.0,0.0,0,4,2,3,3
0,1,0,1,0,1,3.0,60.4,0.0,0,4,2,3,2
0,1,0,1,0,1,1.0,95.0,0.0,0,4,2,4,3
0,1,0,1,0,1,1.0,80.0,0.0,0,4,1,2,2
0,1,1,1,0,1,1.0,79.816,0.0,0,4,1,4,2
0,1,0,1,0,1,1.0,95.0,0.0,0,2,2,3,3
0,1,0,1,0,1,1.0,85.0,0.0,0,2,2,2,3
0,1,1,1,0,1,3.0,50.0,0.0,0,3,3,3,2
0,1,1,1,0,2,1.0,100.0,0.0,0,5,1,2,4
0,1,0,1,0,1,3.0,52.0,0.0,0,4,2,2,2
0,1,1,1,0,1,3.0,75.0,0.0,0,1,2,3,2
0,1,0,1,0,2,1.0,94.97,0.0,0,4,3,2,3
0,1,0,1,0,1,1.0,80.0,0.0,0,4,3,4,2
0,1,0,1,0,1,3.0,74.0,0.0,0,4,3,3,2
0,1,1,1,0,1,1.0,99.45,0.0,1,4,1,1,4
0,1,1,1,0,1,3.0,75.0,0.0,0,4,2,3,2
0,1,1,1,0,1,3.0,60.0,0.0,0,4,2,2,2
0,1,1,1,0,1,3.0,68.0,0.0,0,3,2,3,2
0,1,1,1,0,1,1.0,80.0,0.0,0,1,2,3,2
0,1,1,1,0,1,3.0,76.0,0.0,0,3,2,3,2
1,1,0,1,0,1,1.0,94.62,0.0,0,4,1,2,3
1,1,1,1,0,2,1.0,100.0,0.0,0,3,2,3,4
0,1,0,1,0,1,1.0,97.0,0.0,0,4,1,3,4
1,1,1,1,0,2,1.0,100.0,0.0,0,4,3,3,4
0,1,1,1,0,1,3.0,68.0,0.0,0,4,1,3,2
0,1,1,1,0,1,3.0,80.0,0.0,0,3,1,2,2
0,1,0,1,0,1,1.0,93.84,0.0,0,4,2,1,3
0,1,0,1,0,1,3.0,58.0,0.0,0,1,2,3,2
0,1,1,1,0,1,1.0,101.75,0.0,0,3,3,3,1
0,1,1,1,0,1,3.0,75.0,0.0,0,4,3,3,2
0,1,1,1,0,1,1.0,96.37,0.0,1,5,1,3,3
0,1,0,1,0,1,3.0,80.0,0.0,0,2,1,4,2
0,1,1,1,0,2,1.0,100.0,0.0,0,4,2,3,4
0,1,0,1,0,1,3.0,70.0,0.0,0,4,3,2,2
0,3,0,0,0,3,1.0,100.0,0.0,0,4,1,3,4
0,2,1,0,0,1,3.0,70.0,0.0,0,2,1,4,2
0,3,0,0,0,1,3.0,52.0,0.0,0,4,2,2,2
1,1,0,1,0,1,3.0,80.0,0.0,0,4,2,3,2
0,3,0,1,0,1,3.0,79.0,0.0,0,2,3,2,2
0,3,0,1,0,1,3.0,52.0,0.0,0,4,2,2,2
0,1,1,1,0,1,3.0,73.0,0.0,0,3,3,3,2
0,3,0,1,0,1,3.0,65.0,0.0,0,4,3,1,2
0,1,1,1,0,1,3.0,70.0,0.0,0,4,2,2,2
0,1,1,1,0,1,3.0,80.0,0.0,0,4,3,2,2
0,3,0,0,0,1,3.0,68.0,0.0,0,4,3,2,2
0,1,0,1,0,1,1.0,34.0,0.0,0,5,3,1,2
1,1,1,1,0,1,3.0,65.0,0.0,0,4,2,3,2
0,1,0,0,0,1,3.0,80.0,0.0,0,5,3,3,2
0,1,1,1,0,1,3.0,80.0,0.0,0,3,2,3,2
0,3,0,1,0,1,3.0,88.0,0.0,0,4,2,3,3
0,1,0,1,0,1,3.0,67.0,0.0,0,4,2,2,2
0,1,0,1,0,1,3.0,45.0,0.0,0,4,3,1,2
0,1,1,1,0,1,3.0,50.0,0.0,0,3,3,3,2
0,1,1,1,0,1,3.0,80.0,0.0,0,4,2,3,2
1,1,0,1,0,1,3.0,66.0,0.0,0,4,1,2,2
0,1,1,1,0,1,3.0,70.0,0.0,0,4,3,3,2
0,1,1,0,0,1,3.0,80.0,0.0,0,5,3,4,2
0,1,1,1,0,2,1.0,100.0,0.0,0,3,3,3,4
0,3,1,0,0,2,1.0,100.0,0.0,0,4,1,3,4
0,3,0,1,0,2,1.0,90.0,0.0,0,4,3,3,3
0,1,1,0,0,2,1.0,100.0,0.0,0,2,2,3,4
0,1,1,0,0,1,2.0,83.513,0.0,0,2,2,4,3
0,1,1,1,0,1,2.0,90.0,0.0,0,4,2,4,3
0,1,1,1,0,1,1.0,80.0,0.0,0,2,3,4,2
1,1,0,1,0,1,1.0,34.0,0.0,0,3,2,2,2
0,1,0,1,0,1,4.0,50.0,0.0,0,3,3,1,2
0,1,0,0,0,1,3.0,61.0,0.0,0,5,3,3,2
0,1,1,1,0,1,1.0,100.0,0.0,0,1,2,5,4
0,1,1,1,0,1,1.0,80.0,0.0,0,2,2,5,2
0,1,1,1,0,1,1.0,80.0,0.0,0,4,1,4,2
0,1,0,0,0,1,3.0,76.0,0.0,0,1,3,1,2
0,1,0,0,0,1,3.0,74.0,0.0,0,6,3,3,2
0,3,0,1,0,1,1.0,77.0,0.0,0,4,3,2,2
0,1,1,1,0,1,3.0,80.0,0.0,0,1,3,4,2
1,1,1,0,0,1,3.0,10.0,0.0,0,6,3,3,2
0,1,1,1,0,1,1.0,100.0,0.0,0,1,2,5,4
0,1,1,1,0,1,3.0,74.0,0.0,0,4,2,4,2
0,1,1,1,0,1,1.0,100.0,0.0,0,2,1,4,4
0,1,0,1,0,1,3.0,62.0,0.0,0,4,3,2,2
0,1,0,1,0,1,3.0,40.0,0.0,0,3,2,3,2
0,1,0,1,0,1,1.0,100.0,0.0,0,2,1,3,4
0,1,1,1,0,1,1.0,95.0,0.0,0,4,2,4,3
0,3,0,1,0,1,1.0,86.0,0.0,0,4,1,1,3
0,3,0,1,0,1,1.0,100.0,0.0,0,4,2,2,4
1,1,1,0,0,1,1.0,100.0,0.0,0,4,1,2,4
1,1,1,1,0,1,1.0,100.0,0.0,0,4,2,2,4
1,1,1,0,0,1,1.0,100.0,0.0,0,2,1,1,4
1,1,1,1,0,1,1.0,100.0,0.0,0,4,1,3,4
0,1,0,1,0,1,1.0,100.0,0.0,0,4,1,3,4
0,3,0,1,0,1,1.0,100.0,0.0,0,4,2,1,4
0,3,1,1,0,1,1.0,100.0,0.0,0,4,1,2,4
1,1,1,1,0,1,1.0,100.0,0.0,0,4,2,2,4
0,1,0,1,0,1,1.0,100.0,0.0,0,4,1,3,4
1,1,0,1,0,1,1.0,100.0,0.0,0,4,1,1,4
1,1,1,1,0,1,1.0,100.0,0.0,0,4,1,3,4
1,1,0,0,0,1,1.0,71.0,0.0,0,3,1,1,2
0,3,0,1,0,1,1.0,100.0,0.0,0,4,3,1,4
0,3,0,1,0,1,1.0,97.0,0.0,0,4,2,1,4
1,1,1,1,0,1,1.0,100.0,0.0,0,4,1,1,4
0,3,0,0,0,1,1.0,100.0,0.0,0,4,1,1,4
0,1,0,1,0,1,2.0,46.0,0.0,0,4,3,2,2
0,1,1,1,0,1,3.0,69.0,0.0,0,4,3,2,2
1,1,0,0,0,1,3.0,45.0,0.0,0,4,3,1,2
1,1,0,1,0,1,3.0,80.0,0.0,0,4,1,2,2
0,1,0,1,0,1,1.0,48.0,0.0,0,4,3,2,2
0,1,1,0,0,1,3.0,76.36,1.0,0,5,2,3,2
0,3,0,0,0,1,2.0,54.26,1.0,0,6,2,2,2
0,1,1,1,0,1,1.0,95.0,0.0,0,3,2,3,3
0,1,0,1,0,1,3.0,80.0,0.0,0,4,3,3,2
0,2,0,0,0,1,1.0,80.0,0.0,0,4,3,3,2
0,1,0,1,0,1,1.0,100.0,0.0,0,3,1,4,4
0,1,1,1,0,1,1.0,90.0,1.0,0,2,2,5,3
0,1,1,1,0,1,1.0,80.0,0.0,0,4,3,4,2
0,3,1,1,0,2,3.0,81.6,0.0,0,1,2,1,3
0,1,1,1,0,1,1.0,46.0,0.0,1,4,1,2,2
0,1,0,1,0,1,2.0,33.0,0.0,0,2,3,3,2
0,1,0,1,0,1,1.0,32.43,0.0,0,4,2,2,2
1,1,0,1,1,2,1.0,100.0,0.0,0,4,1,3,4
0,1,0,1,0,1,1.0,97.0,0.0,0,4,2,3,4
0,3,0,1,0,2,1.0,100.0,0.0,0,4,3,2,4
0,1,0,1,0,1,1.0,97.0,0.0,0,3,1,3,4
0,3,0,0,0,1,4.0,5.684,0.0,0,4,3,1,2
1,1,0,1,0,2,1.0,100.0,0.0,0,4,2,3,4
0,1,0,0,0,1,3.0,75.0,0.0,0,3,2,3,2
0,1,1,1,1,1,1.0,77.528,0.0,0,4,1,4,2
0,1,0,1,0,1,3.0,61.619,0.0,0,4,2,3,2
1,1,0,0,0,1,2.0,65.168,0.0,0,4,1,2,2
0,1,1,0,0,1,3.0,60.0,0.0,0,4,2,2,2
0,1,0,0,0,1,1.0,80.0,0.0,0,4,1,3,2
0,1,1,0,0,1,3.0,69.102,0.0,0,2,3,4,2
0,1,1,1,0,1,1.0,90.0,0.0,0,3,3,4,3
0,1,1,1,0,1,1.0,80.0,0.0,0,4,2,2,2
0,1,1,0,0,1,1.0,95.0,0.0,1,6,1,3,3
0,1,1,1,0,1,1.0,75.0,0.0,0,3,2,5,2
0,3,1,0,0,1,4.0,75.0,0.0,0,4,3,3,2
0,1,1,0,0,1,4.0,63.0,0.0,0,4,3,3,2
0,1,0,0,0,1,4.0,1000.0,0.0,0,1,1,1,1
0,2,1,1,0,1,1.0,100.0,0.0,0,4,2,4,4
0,1,0,1,0,1,3.0,68.242,0.0,0,4,3,3,2
0,1,1,1,0,1,3.0,55.706,0.0,0,3,2,3,2
0,1,1,1,0,1,1.0,87.5,0.0,0,2,2,3,3
0,1,1,1,0,1,1.0,80.0,0.0,0,4,1,3,2
0,3,0,0,0,1,3.0,77.923,0.0,0,4,3,2,2
0,1,1,1,0,1,3.0,77.993,0.0,0,2,3,4,2
0,1,1,1,0,1,3.0,69.231,0.0,0,2,1,4,2
0,1,1,1,0,1,1.0,80.0,0.0,0,2,1,3,2
0,1,0,1,0,1,1.0,69.9796,0.0,0,4,3,2,2
0,1,1,1,0,1,1.0,41.096,0.0,0,4,3,4,2
0,1,0,1,0,1,1.0,95.0,0.0,0,4,1,3,3
0,1,0,1,0,1,3.0,74.245,0.0,0,4,2,3,2
0,1,0,1,0,1,1.0,90.0,0.0,0,2,3,4,3
0,1,1,1,0,1,3.0,51.961,0.0,0,5,3,3,2
0,1,1,1,0,1,3.0,80.0,0.0,0,4,2,3,2
0,1,1,1,0,1,1.0,90.0,0.0,0,4,2,3,3
0,1,1,1,0,2,1.0,100.0,0.0,0,1,2,4,4
0,1,1,1,0,1,1.0,94.999,0.0,0,2,2,4,3
0,1,0,1,0,1,1.0,77.231,0.0,0,2,3,3,2
0,1,1,1,0,1,1.0,76.654,0.0,0,2,1,3,2
0,1,1,1,0,1,1.0,79.999,0.0,0,2,3,4,2
0,1,0,1,0,1,1.0,94.999,0.0,0,4,2,3,3
0,1,1,1,0,1,1.0,80.0,0.0,0,2,1,4,2
1,1,1,1,0,1,1.0,90.0,0.0,0,4,2,3,3
0,2,0,1,0,1,1.0,70.0,0.0,0,4,1,3,2
0,1,0,1,0,1,1.0,87.302,0.0,0,3,3,3,3
0,1,1,1,0,2,1.0,100.0,0.0,0,3,2,4,4
0,1,1,1,0,1,1.0,94.999,0.0,0,4,1,4,3
0,1,1,1,0,2,1.0,98.477,0.0,0,6,1,4,4
0,1,0,1,0,1,1.0,84.999,0.0,0,4,1,3,3
0,1,1,1,0,1,1.0,79.968,0.0,0,2,1,4,2
0,1,0,1,0,1,1.0,78.231,0.0,0,4,2,3,2
0,1,0,1,0,1,1.0,92.798,0.0,0,4,2,3,3
0,1,1,1,0,1,1.0,68.75,0.0,0,4,2,4,2
0,1,1,0,0,1,3.0,40.208,0.0,0,4,3,3,2
0,1,1,1,0,1,1.0,79.172,0.0,0,1,2,4,2
0,1,1,1,0,1,1.0,88.889,0.0,0,4,1,3,3
0,1,1,1,0,1,1.0,95.0,0.0,0,4,3,4,3
0,1,0,1,0,1,3.0,69.649,0.0,0,4,2,4,2
0,1,0,1,0,1,1.0,72.973,0.0,0,4,1,2,2
0,1,0,1,0,1,1.0,90.0,0.0,0,3,2,2,3
0,3,1,0,0,2,1.0,100.0,0.0,0,5,2,2,4
0,2,0,1,0,1,1.0,90.0,0.0,0,3,1,4,3
0,1,1,1,0,1,3.0,69.364,0.0,0,3,3,2,2
0,1,1,1,0,1,3.0,60.0,0.0,0,4,2,4,2
0,4,0,0,0,1,4.0,69.036,0.0,0,2,3,1,2
0,1,1,1,0,1,3.0,80.0,0.0,0,4,2,3,2
0,1,0,1,0,1,3.0,71.412,0.0,0,3,2,3,2
0,3,0,0,0,1,4.0,70.0,0.0,0,1,3,2,2
1,4,0,0,0,1,4.0,57.143,0.0,0,5,3,1,2
0,1,1,1,0,1,3.0,52.738,0.0,0,4,3,2,2
0,3,1,1,0,1,3.0,70.0,0.0,0,4,3,3,2
0,1,0,1,0,1,3.0,73.157,0.0,0,4,3,4,2
0,1,1,1,0,1,1.0,95.0,0.0,0,1,1,3,3
0,1,1,0,0,1,3.0,72.848,0.0,0,4,2,3,2
0,1,0,0,0,1,1.0,95.0,0.0,0,6,2,1,3
0,1,1,1,0,1,3.0,80.0,0.0,0,4,3,1,2
0,1,1,0,0,1,3.0,48.78,0.0,0,1,3,2,2
0,1,1,1,0,1,3.0,57.692,0.0,0,2,3,4,2
0,1,1,1,0,1,3.0,79.245,0.0,0,2,1,3,2
0,3,1,1,0,1,1.0,97.0,0.0,0,2,1,4,4
0,1,1,1,0,1,1.0,49.98,0.0,0,4,1,2,2
0,1,1,1,0,1,1.0,95.0,0.0,0,3,2,2,3
0,1,1,1,0,1,1.0,73.0,0.0,0,4,2,2,2
0,1,0,1,0,1,1.0,76.25,0.0,0,4,1,3,2
0,1,0,1,0,1,1.0,90.0,0.0,0,3,3,3,3
0,1,0,1,0,1,1.0,95.0,0.0,0,2,1,3,3
0,1,1,1,0,1,1.0,90.0,0.0,0,3,2,3,3
0,1,0,1,0,1,1.0,95.0,0.0,0,4,3,1,3
0,3,1,1,0,1,1.0,90.0,0.0,0,3,2,3,3
0,3,0,1,0,2,1.0,100.0,0.0,0,3,3,3,4
0,1,0,1,0,1,1.0,75.0,0.0,0,4,2,3,2
1,1,0,1,0,1,3.0,64.533,0.0,0,4,2,2,2
0,3,1,1,0,1,1.0,80.0,0.0,0,4,3,2,2
0,1,0,1,0,1,3.0,73.052,0.0,0,3,3,3,2
0,1,1,1,0,1,1.0,65.591,0.0,0,1,2,5,2
0,1,0,0,0,1,3.0,68.258,0.0,0,4,2,4,2
0,1,0,1,0,1,3.0,74.829,0.0,0,4,3,2,2
0,1,1,1,0,1,1.0,80.0,0.0,0,3,1,2,2
1,1,1,1,0,1,3.0,77.446,0.0,0,4,2,2,2
0,3,0,1,0,1,4.0,80.0,0.0,0,4,3,2,2
0,1,1,1,0,1,3.0,76.327,0.0,1,2,2,4,2
1,1,1,1,0,1,4.0,15.352,0.0,0,1,2,3,2
1,1,1,1,0,1,3.0,78.206,0.0,0,4,2,3,2
0,1,0,0,0,1,3.0,70.0,0.0,0,4,2,3,2
1,1,1,0,0,1,3.0,69.955,0.0,0,4,2,3,2
0,1,0,1,0,1,1.0,91.83,0.0,0,3,1,3,3
0,1,1,1,0,1,3.0,89.76,0.0,0,4,3,3,3
0,1,0,1,0,1,1.0,90.0,0.0,0,4,3,3,3
0,1,1,1,0,1,1.0,93.868,0.0,0,4,2,3,3
0,1,1,1,0,2,1.0,100.0,0.0,0,3,2,3,4
0,1,1,1,0,2,1.0,100.0,0.0,0,4,3,4,4
0,1,0,1,0,1,1.0,90.0,0.0,0,2,3,3,3
0,1,1,0,0,2,1.0,100.0,0.0,0,6,2,3,4
0,1,0,1,0,1,1.0,95.0,0.0,0,4,2,2,3
0,1,1,1,0,1,1.0,95.0,0.0,0,4,1,3,3
0,1,1,1,0,1,3.0,80.0,0.0,0,5,2,3,2
0,1,1,1,0,2,1.0,100.0,0.0,0,3,2,3,4
0,1,1,1,0,2,1.0,100.0,0.0,0,4,2,4,4
0,3,0,1,1,2,1.0,90.0,0.0,0,4,3,3,3
0,1,0,1,0,1,1.0,90.0,0.0,0,3,2,2,3
0,1,1,1,0,1,3.0,92.754,0.0,0,4,2,4,3
0,1,0,1,0,1,3.0,35.938,0.0,0,2,3,2,2
0,1,1,1,1,1,1.0,95.0,0.0,0,4,2,4,3
0,1,0,1,0,1,3.0,30.275,0.0,0,6,3,1,2
0,1,1,0,0,1,3.0,80.0,0.0,0,3,3,1,2
0,1,0,0,0,1,3.0,60.0,0.0,0,4,3,1,2
1,2,1,0,0,1,3.0,80.0,0.0,0,4,1,3,2
0,3,1,1,0,1,3.0,74.611,0.0,0,4,2,3,2
0,3,1,0,0,1,3.0,69.767,0.0,0,4,3,3,2
1,4,1,0,0,1,3.0,69.865,0.0,0,4,3,2,2
0,1,0,1,0,1,3.0,60.0,0.0,0,3,3,1,2
0,1,1,0,0,1,3.0,80.0,0.0,0,2,2,3,2
0,1,1,1,0,1,3.0,68.333,0.0,0,2,1,2,2
0,1,1,0,0,1,3.0,62.222,0.0,0,2,3,3,2
0,1,0,0,0,1,1.0,50.0,0.0,0,4,3,3,2
0,1,1,1,0,2,1.0,95.0,0.0,0,4,1,2,3
0,1,0,1,0,1,1.0,80.0,0.0,0,2,2,3,2
0,1,1,0,0,1,3.0,73.44,0.0,0,6,1,2,2
0,1,1,1,0,1,4.0,75.0,0.0,0,4,2,3,2
0,1,1,1,0,1,4.0,75.0,0.0,0,4,2,3,2
0,1,1,1,0,1,3.0,60.53,0.0,0,2,2,4,2
0,1,0,0,0,1,1.0,59.783,1.0,0,6,2,1,2
0,1,1,1,0,1,4.0,79.668,0.0,0,3,3,3,2
0,1,1,0,0,1,4.0,59.375,1.0,0,6,3,3,2
1,2,1,0,0,1,3.0,80.0,0.0,0,4,1,3,2
0,1,0,1,0,1,3.0,74.747,0.0,0,2,2,3,2
0,1,0,1,0,1,3.0,70.857,0.0,0,2,2,3,2
0,1,0,1,0,1,3.0,95.0,0.0,0,2,1,3,3
0,1,1,1,0,1,3.0,73.327,0.0,0,2,2,4,2
0,1,1,1,0,1,3.0,94.185,0.0,0,2,1,4,3
0,1,0,1,1,1,1.0,47.712,0.0,0,3,2,2,2
0,1,1,1,0,2,1.0,100.0,0.0,0,3,3,3,4
1,1,1,1,0,1,1.0,95.0,0.0,0,3,2,3,3
0,1,1,1,0,1,1.0,90.0,0.0,0,4,2,3,3
0,1,0,1,0,3,1.0,90.502,0.0,0,4,3,3,3
0,1,0,1,0,1,3.0,69.107,0.0,0,4,2,2,2
0,1,0,1,0,1,1.0,73.333,0.0,0,4,3,1,2
0,1,1,1,0,1,3.0,90.0,0.0,0,4,2,3,3
0,1,0,1,0,1,1.0,80.0,0.0,0,4,2,2,2
0,1,0,1,0,1,1.0,90.0,0.0,0,4,2,3,3
0,3,1,1,0,1,1.0,95.0,0.0,0,4,2,4,3
0,1,0,1,0,1,3.0,80.0,0.0,0,4,2,3,2
0,1,1,1,0,2,1.0,96.237,0.0,0,4,3,4,3
0,1,1,1,0,2,1.0,99.023,0.0,0,4,2,4,4
0,1,1,1,0,1,3.0,70.813,0.0,0,4,2,3,2
0,1,0,1,0,1,1.0,72.727,0.0,0,1,3,5,2
0,1,1,0,0,1,3.0,66.667,0.0,0,1,3,2,2
1,1,1,0,0,1,3.0,63.415,0.0,0,5,3,3,2
0,1,1,0,0,1,3.0,75.0,0.0,0,4,3,4,2
0,4,1,1,0,1,3.0,60.0,0.0,0,2,1,3,2
0,1,0,0,0,1,3.0,50.246,0.0,0,6,3,1,2
0,1,1,1,0,1,3.0,79.322,0.0,0,1,1,4,2
0,1,1,1,0,2,1.0,99.71,0.0,0,5,3,3,4
1,1,1,1,0,2,1.0,100.0,0.0,0,2,3,2,4
1,1,1,0,0,2,3.0,50.79,0.0,0,4,3,1,2
0,1,0,1,0,1,1.0,100.428,0.0,0,4,1,1,1
1,1,1,0,0,1,1.0,101.849,0.0,0,4,1,2,1
1,1,1,0,0,1,1.0,101.849,0.0,0,4,1,2,1
0,1,1,1,0,1,1.0,74.375,0.0,0,4,3,1,2
0,1,1,1,0,1,1.0,74.375,0.0,0,4,3,1,2
0,1,1,1,0,1,1.0,66.0,0.0,1,6,3,3,2
0,1,0,1,0,1,4.0,28.41,0.0,0,4,2,2,2
0,1,0,1,0,1,1.0,95.0,0.0,0,2,2,3,3
0,1,1,1,0,1,3.0,24.0,0.0,0,2,2,4,2
0,3,0,1,0,1,1.0,76.0,0.0,1,2,2,4,2
0,1,0,1,0,1,1.0,76.0,1.0,1,4,3,3,2
0,1,1,1,0,1,1.0,84.0,0.0,1,5,3,4,3
0,1,1,1,0,1,1.0,85.0,0.0,0,4,1,4,3
0,1,1,1,0,1,1.0,90.0,1.0,0,1,3,3,3
0,1,1,1,0,1,1.0,79.0,0.0,1,3,2,4,2
0,1,1,1,0,1,1.0,56.6,0.0,0,4,2,1,2
0,1,1,1,0,1,1.0,95.121,0.0,0,2,3,2,3
0,1,0,1,1,1,1.0,79.89,0.0,0,4,2,4,2
0,1,1,1,1,2,1.0,100.0,0.0,0,4,2,3,4
0,3,1,0,0,1,4.0,25.72,0.0,0,6,3,3,2
0,1,1,0,0,1,2.0,80.0,0.0,0,6,2,1,2
0,1,1,1,1,1,1.0,81.81,0.0,0,1,2,4,3
0,1,0,0,0,1,3.0,48.75,0.0,0,4,3,3,2
0,1,0,1,0,1,1.0,75.0,0.0,0,4,3,1,2
0,3,1,0,0,1,3.0,80.0,1.0,0,6,2,3,2
0,1,1,1,1,2,1.0,100.0,0.0,0,4,2,4,4
0,1,1,0,0,2,1.0,100.0,0.0,0,3,1,2,4
0,1,0,0,0,1,1.0,115.09,0.0,0,3,1,2,1
0,1,0,1,1,1,1.0,69.35,0.0,0,2,3,4,2
0,4,1,1,1,2,1.0,99.37,0.0,0,4,2,4,4
0,1,1,1,0,1,2.0,60.46,0.0,0,2,3,4,2
0,1,0,0,0,1,1.0,90.0,0.0,0,5,1,2,3
0,4,1,0,0,1,2.0,68.42,0.0,0,6,3,3,2
0,1,1,1,0,2,1.0,99.76,0.0,0,4,2,4,4
0,1,1,1,0,2,1.0,37.25,0.0,0,5,3,2,2
0,1,1,0,0,2,1.0,119.1,0.0,0,2,1,3,1
0,3,0,0,0,1,2.0,80.0,0.0,0,1,2,3,2
0,1,1,0,0,2,1.0,100.0,0.0,0,2,2,4,4
0,1,1,1,0,2,1.0,100.0,0.0,0,3,1,3,4
0,1,1,1,0,2,1.0,100.0,0.0,0,2,1,2,4
0,1,1,0,0,1,2.0,78.2,0.0,0,6,2,4,2
0,1,1,0,0,1,1.0,80.0,0.0,0,4,1,3,2
0,3,0,1,0,1,2.0,80.0,0.0,0,4,2,2,2
0,1,1,1,0,1,1.0,80.0,0.0,0,6,2,4,2
0,3,1,0,0,1,4.0,80.12,0.0,0,5,2,3,3
0,1,1,1,0,1,2.0,40.0,0.0,0,5,3,3,2
1,1,1,0,0,1,4.0,94.83,0.0,0,3,2,4,3
0,1,1,0,0,1,3.0,53.81,0.0,0,6,2,2,2
1,1,1,0,0,2,1.0,100.0,0.0,0,3,2,3,4
0,1,1,0,0,1,2.0,5.263,0.0,0,2,1,1,2
0,1,1,1,0,1,3.0,58.993,0.0,0,4,2,1,2
0,1,1,1,0,1,1.0,48.32,0.0,0,2,2,2,2
0,1,1,0,0,1,3.0,59.375,0.0,0,4,3,2,2
0,1,0,1,0,1,1.0,61.02,0.0,0,4,3,3,2
0,1,1,0,0,1,2.0,52.5,0.0,0,2,2,4,2
0,1,1,1,0,2,1.0,100.0,0.0,0,4,3,3,4
0,3,1,0,0,1,3.0,40.0,0.0,0,3,2,2,2
0,1,1,0,0,1,3.0,80.0,0.0,0,6,3,3,2
0,1,1,0,0,1,3.0,80.0,0.0,0,5,2,3,2
0,1,1,0,0,1,3.0,76.92,0.0,0,4,3,2,2
0,1,0,1,0,1,2.0,68.88,0.0,0,4,3,3,2
0,1,1,1,0,1,1.0,79.5,0.0,0,4,1,2,2
0,1,1,1,0,1,1.0,97.0,0.0,0,2,1,3,4
0,1,0,1,0,1,3.0,59.78,0.0,0,4,2,2,2
0,1,0,1,0,1,3.0,75.27,0.0,0,4,3,1,2
0,1,1,1,0,1,1.0,100.43,0.0,0,4,1,2,1
0,1,1,1,0,1,1.0,100.43,0.0,0,5,1,3,1
0,1,1,1,0,2,3.0,85.04,0.0,0,3,3,3,3
0,1,0,1,0,1,1.0,80.0,0.0,0,3,3,3,2
0,1,1,0,0,1,3.0,107.22,0.0,0,3,2,4,1
1,1,0,1,0,1,2.0,68.57,0.0,0,2,1,2,2
0,1,0,1,0,1,3.0,50.0,0.0,0,4,3,2,2
0,3,1,1,0,1,3.0,82.436,0.0,0,2,2,4,3
0,1,0,1,0,1,1.0,36.115,0.0,0,3,2,3,2
0,3,1,1,0,2,1.0,100.0,0.0,0,5,1,3,4
0,1,0,1,0,1,3.0,74.874,0.0,0,2,3,3,2
0,1,1,1,0,1,3.0,74.086,0.0,0,4,2,3,2
0,1,0,1,0,1,4.0,54.487,0.0,0,4,3,2,2
0,1,0,1,0,1,1.0,80.0,0.0,0,4,1,3,2
