,action_taken
3117,1
9496,1
153,1
10699,1
10126,1
1203,1
10588,1
5369,0
6791,1
2098,1
4619,0
29,1
6080,0
4834,1
3951,1
4169,1
4552,1
5579,0
7754,1
5094,1
6685,0
8757,1
5825,1
6119,1
9908,1
9980,1
4748,0
10362,1
3688,0
2537,0
8022,1
6770,1
3248,1
10993,1
7751,1
10220,1
7231,1
7572,1
283,1
10812,1
4823,1
54,1
4614,1
8858,1
3108,1
2286,1
293,0
6354,0
5106,1
1149,1
2359,1
1283,1
6157,0
5783,1
5814,0
324,0
10888,0
7016,0
10844,0
7212,1
6328,1
9561,1
1004,1
5404,1
4736,1
6244,0
4353,1
356,0
4453,0
1304,0
5078,0
3771,1
921,1
1137,1
3053,1
11075,0
1313,0
9043,1
6894,1
375,0
2033,1
7529,1
2530,0
10047,1
2166,1
7291,1
918,0
10713,0
9457,1
4572,0
9294,1
6067,1
3831,1
11111,1
4876,1
6237,0
11039,1
8282,1
2045,1
5857,0
2602,1
7670,0
4278,0
8761,1
5750,1
1807,1
4661,0
2135,0
8015,1
9724,1
5208,1
3138,1
11143,0
1320,1
9600,1
9743,1
6767,1
10765,1
1610,1
10866,1
7511,1
5444,1
8348,1
2059,0
3823,1
10898,0
7719,0
10759,1
2312,1
6863,1
6809,1
10886,1
4764,1
3586,1
8904,1
4312,0
403,0
10494,1
10953,1
5333,1
6773,1
3156,1
9577,1
3114,1
6028,1
8471,0
9245,1
8846,1
5339,1
6449,1
5850,0
1882,1
6326,1
10789,1
7603,1
590,1
6190,0
9632,1
9172,1
5923,1
5935,1
9252,1
5572,0
1740,1
5521,0
1701,1
5394,1
118,1
4964,0
353,1
10096,1
8073,1
5851,1
2453,1
1759,1
10839,1
7321,1
3785,1
2022,1
7150,1
5475,0
970,1
1684,1
7079,1
3082,1
9062,1
676,1
8649,1
3376,1
4967,1
3074,1
2900,1
8183,1
6026,1
3297,1
1409,0
10771,1
6121,0
4576,0
9194,1
7742,1
2054,1
455,1
6134,0
10944,1
4198,0
388,0
631,1
7250,1
2214,1
4258,0
8941,1
1687,1
632,1
101,1
10556,1
266,0
7448,0
8281,1
9480,1
10974,1
9777,0
9678,1
3930,1
2161,1
7307,1
491,0
1886,1
4966,1
6238,0
2037,1
8253,1
6316,1
6416,1
8854,1
8275,1
5259,0
8720,1
1935,1
9005,1
9874,1
2149,1
10082,1
2395,1
2325,1
8866,1
5525,0
7666,1
7998,1
2574,0
8497,0
11033,0
6473,1
10066,1
9723,1
526,1
5892,1
5496,1
9888,1
10348,1
5709,0
11051,0
10860,1
6002,0
4629,1
4101,1
2490,0
4728,1
726,1
952,1
651,1
7564,1
10755,0
7579,1
10540,1
2819,0
4844,1
6838,1
5654,1
10591,1
6794,1
4265,1
2278,0
22,1
6947,0
8886,1
3356,1
155,0
3370,1
4425,0
5090,1
6933,0
2933,1
7098,1
1533,0
5214,1
1954,1
3326,0
6159,0
3179,1
1713,1
2030,0
8048,1
2412,1
2674,1
1678,1
502,0
6072,0
5012,1
1143,1
5089,1
3367,1
6201,1
6649,1
6050,1
8993,1
476,0
6667,1
4199,1
2084,0
6512,0
2889,0
3294,1
5567,1
1952,0
4780,1
10770,0
2635,0
3682,1
4252,1
8235,0
10618,1
3865,1
4391,1
2451,0
9791,1
8712,1
2438,0
9114,1
8233,1
10194,1
7850,1
885,1
8068,1
1124,1
954,1
2094,0
4803,1
9386,1
10996,0
7075,1
2908,0
7172,1
6261,1
7040,1
1324,1
6200,0
4810,0
6924,1
126,0
10945,0
1314,0
4755,1
3017,1
2409,0
4737,1
1512,0
2798,1
1571,0
7401,1
751,1
8903,1
9516,1
9473,1
11031,1
267,0
3191,1
2810,1
4180,0
2079,0
3941,1
143,1
3579,1
4669,1
6538,1
4880,1
9784,1
7084,1
4515,0
202,1
7644,1
9054,1
3754,0
4862,1
4763,1
5554,0
3422,1
10181,1
7950,1
2746,1
8250,1
2253,1
8459,1
6727,1
3924,1
6930,0
10736,0
7191,1
3608,1
7522,0
5630,1
193,1
3142,1
4013,0
9829,1
2533,1
10743,1
6196,0
4024,1
5812,1
10396,1
2565,1
3690,0
6499,1
6624,1
2891,1
6207,0
4660,0
8417,1
10249,1
2338,0
8530,0
6047,1
734,1
4085,1
6991,1
731,1
5329,1
2099,0
2693,0
10769,0
680,1
1962,0
2109,1
7276,1
4416,0
3605,1
3644,0
842,1
8782,1
1473,1
1233,1
5286,1
7872,1
3752,1
4705,1
8777,1
7283,1
2065,1
2501,1
4798,0
2755,1
7732,1
5494,1
3804,1
4432,1
9739,1
5055,1
10524,0
4330,1
2782,1
4354,1
9514,1
1979,0
2550,1
263,1
2368,1
2971,0
8809,1
4268,0
7046,1
722,1
9429,1
2866,1
3503,1
1857,1
5326,0
1240,1
3952,1
2988,1
8482,1
4408,0
902,1
5828,1
1435,0
875,1
10921,1
4758,0
2448,1
8966,1
6754,1
9905,1
689,1
1503,0
494,1
1703,0
9883,1
3883,1
9056,1
5056,1
2204,1
2407,0
10931,1
6985,1
2753,1
6252,0
5860,1
9540,1
4525,1
5476,1
7915,1
741,1
8923,1
7390,1
3893,1
681,1
10453,1
3967,1
8343,1
6642,1
6277,1
321,1
4587,0
7054,1
4584,1
1193,1
2697,0
9391,1
4111,1
7489,1
10077,1
8681,1
252,1
1114,1
4644,1
8379,1
10031,1
522,0
9050,1
1060,1
10197,1
8146,1
3581,1
8565,0
3335,1
4496,0
9938,1
7607,1
428,1
7903,1
5669,1
9082,1
1098,1
314,1
1056,1
7418,1
9780,1
2372,0
7223,1
2129,0
9071,1
3136,1
1111,1
1186,1
6063,1
9345,1
7055,1
1827,1
8732,1
8458,1
9209,1
2250,0
5743,1
6998,1
5519,0
336,0
6889,1
10837,1
8579,1
3151,0
6461,1
1373,1
1422,1
8907,1
4119,1
2827,1
5718,1
4400,1
10607,1
10183,1
4302,0
8950,1
1125,1
2966,0
2162,1
6059,1
9542,1
931,1
9464,1
8361,1
7000,1
3871,1
7316,1
8296,1
6056,1
9253,1
50,1
6596,1
463,0
2151,0
4842,1
2659,1
5408,1
1462,0
4019,1
5119,1
3661,1
598,1
5544,1
1082,1
9658,1
985,1
7701,0
3647,0
515,0
940,1
6421,1
800,1
9967,1
6616,1
11061,0
1679,1
3417,1
9154,1
10400,0
6257,0
3476,1
2982,0
2955,0
4395,1
1363,1
10026,1
5274,1
3171,1
7622,1
9717,1
1929,0
6388,0
10172,1
2291,1
8503,1
761,1
7847,0
10324,1
8358,1
2888,1
889,1
1828,1
3313,1
3012,1
9946,0
3694,1
10257,1
8697,1
939,1
8445,1
4956,1
2705,1
4843,1
5079,1
6058,1
1658,1
5635,1
10188,1
3280,0
1842,1
7784,1
8406,1
623,1
10493,1
652,1
1789,1
9576,1
3145,0
4209,0
2414,1
3377,1
1480,0
2621,0
5721,1
9187,1
10561,1
1319,1
9374,1
7697,1
3649,1
6375,1
1130,1
9139,1
790,1
8594,1
7003,1
4542,1
1420,0
2540,0
4292,0
9010,1
5292,1
8086,1
2350,1
4679,0
10784,1
7467,1
3119,1
1478,0
2776,1
7518,1
10160,1
4068,1
2779,1
880,1
9667,1
9622,1
10152,1
2334,0
452,0
1280,1
2978,0
9459,1
3576,1
7540,0
3026,1
7248,1
826,1
490,0
5800,1
4132,1
9238,0
4323,0
278,0
4818,1
6617,1
9112,1
2410,1
1479,0
11146,1
1012,1
2210,1
4663,0
779,1
9954,1
1976,1
6728,1
5418,1
215,1
4293,1
2811,1
4020,1
8936,1
881,1
5818,0
820,1
3528,1
10918,1
1570,1
5469,1
9455,1
5309,1
1909,1
2216,0
1401,1
945,1
3102,0
32,1
1948,1
8251,0
1866,1
5732,1
7933,1
2263,1
3517,1
5458,1
4995,0
8126,1
5976,1
334,1
8816,1
1716,1
6844,1
3584,1
9316,1
6776,1
521,0
2656,0
7943,1
10629,1
8322,1
4573,1
3310,1
10138,0
8830,1
4204,0
1956,1
9438,1
2844,1
10820,1
7810,0
4261,1
11025,1
4875,1
10055,1
9006,1
6638,1
9115,1
335,0
2943,0
6782,1
15,0
1112,1
3762,1
5197,1
2542,1
8191,1
4360,1
2553,1
6006,1
5128,1
6873,0
5389,1
6370,1
7398,1
7288,1
6423,1
10615,1
4490,0
3206,1
9646,1
8687,1
8729,1
8927,1
8918,1
6836,1
40,1
6225,0
8880,1
7954,1
5742,1
5156,1
5423,1
9213,1
9538,1
1537,1
7920,0
3925,1
9441,1
6613,1
4215,0
8044,1
2074,1
8554,0
1911,1
7605,1
2800,1
9460,1
11037,0
5916,0
3334,1
10184,1
10907,1
1892,1
1328,1
4032,0
5199,1
9223,1
3303,0
209,1
3251,1
150,0
121,1
8710,1
371,0
6663,1
10388,1
6226,0
10367,1
8598,1
11094,1
9760,1
11049,1
5497,1
2333,1
10464,1
7519,1
5308,1
1429,1
7642,1
10099,0
1184,1
8003,1
246,1
1855,1
4029,0
6735,1
8834,1
7076,1
3839,1
299,1
768,1
4270,1
5072,1
7671,1
3645,1
122,1
6399,1
10989,1
5338,1
8288,0
2206,0
9828,1
351,0
3821,1
3371,1
2920,1
9499,1
9994,0
4248,1
8119,1
696,1
9628,1
1118,1
2495,0
280,0
2202,0
8790,1
10340,1
1171,1
1052,0
7811,1
1515,0
9742,1
8937,1
5145,1
10825,1
7651,1
1275,1
9358,1
4537,1
6172,0
11002,1
1026,1
10776,1
6062,1
1996,1
292,1
4022,0
9119,1
10897,0
8234,0
7512,0
221,0
6046,0
9842,1
8654,1
2636,1
6112,1
7820,0
7973,1
183,1
10489,1
551,1
2509,0
3407,1
4947,1
3329,1
6831,1
9481,1
10963,1
9701,1
4835,1
9101,1
6900,0
4291,0
8286,0
1387,1
4009,1
3069,1
3529,1
2248,0
7972,1
1095,1
799,1
124,0
4331,0
1557,0
3816,0
9216,1
1815,1
5033,1
10717,0
3217,1
9649,1
1228,1
4632,1
2932,1
10729,0
4120,1
2371,1
9182,1
10711,1
10028,1
2486,0
5405,1
7662,1
1776,1
3006,1
511,0
9177,1
2117,1
1885,1
9778,1
7510,0
9895,1
2980,0
2425,0
917,1
5399,1
3741,0
4744,1
9601,1
6895,0
1809,1
4485,0
429,1
2789,1
11096,1
10291,1
5230,1
2968,0
8300,1
580,1
5305,0
4858,1
4580,1
4041,0
8134,1
5904,0
2081,0
2029,1
72,1
7959,1
8436,1
8347,1
5733,1
6251,0
10525,1
3567,0
10303,1
3296,1
6232,0
6397,1
1332,0
6576,1
2330,0
3159,1
843,1
5784,1
8352,1
3343,1
8853,1
9844,1
5500,0
11116,1
983,1
10512,1
2994,1
8029,1
8186,1
7873,0
4590,1
9758,1
5123,1
3469,1
8531,0
8054,1
6456,1
3160,1
5689,1
8574,1
8567,0
2147,0
9589,1
6284,0
10751,1
6197,0
6760,1
6902,1
1271,1
10537,1
6025,0
1672,0
5162,1
1735,1
10039,1
9355,1
2829,1
5100,0
6974,0
8608,1
8267,1
544,1
5601,1
177,0
9586,1
5588,0
2572,1
5263,0
10431,1
2573,1
4224,0
1769,1
5511,1
2246,1
9185,1
2201,0
116,1
3455,0
5531,1
11019,1
6037,1
5288,1
6142,0
6001,1
8644,1
5853,1
8826,1
8566,0
5388,1
8425,0
2047,1
6966,1
3148,1
5382,1
935,1
1369,1
3040,0
1489,0
3440,1
55,1
5958,1
2071,0
2720,0
7170,1
5974,1
7427,1
1630,0
10327,1
7319,1
9475,1
8771,1
1298,1
845,1
2786,1
5710,1
8974,1
10653,1
6578,1
1940,1
5416,1
8196,1
9162,0
5550,1
8599,1
7547,1
4324,1
10863,1
6793,1
3177,1
1841,1
4662,0
7765,1
1341,1
695,1
7501,0
8843,1
9227,1
10621,1
10416,1
980,1
1272,0
4448,1
5437,1
4210,0
7984,1
8321,1
7406,1
8317,1
4664,1
10314,1
2056,1
2143,1
2321,0
9726,1
6913,1
8289,1
5538,1
9003,1
5470,0
5229,1
9020,1
352,1
4583,1
303,0
6516,0
4471,0
1469,0
8852,1
7238,1
10101,1
1355,1
896,1
1398,0
4282,1
3668,1
4686,1
1456,1
7638,1
5471,0
10850,1
6798,1
5103,1
10349,1
8435,1
6678,1
3169,1
976,1
3603,1
5831,1
7953,1
4028,0
9085,1
10542,1
1175,1
10628,1
9125,1
6996,1
6488,0
7845,1
10164,0
7189,0
10794,0
131,1
9286,1
1966,1
5662,1
8053,1
788,1
4121,1
2698,1
6556,1
11110,1
8887,1
7611,1
9557,1
4715,1
8456,1
10893,1
3419,1
6665,1
5955,0
3249,1
10048,1
6036,1
5143,1
9292,1
6459,1
884,1
3373,1
3672,1
1586,0
2897,1
6532,1
11016,1
10806,1
4017,0
11029,1
1758,1
932,1
458,0
10847,1
1916,1
369,0
3261,1
7195,1
1924,1
7342,1
533,1
1417,1
296,0
4616,1
2744,1
4461,0
10559,1
1540,0
8486,1
3081,1
3127,1
1090,1
10097,1
2996,1
3701,1
10030,1
558,1
9463,1
10217,1
4072,1
6368,1
2310,0
8481,0
6250,0
6349,0
6524,1
5856,1
214,0
7946,1
3215,1
2140,0
6208,0
8548,0
8661,1
7834,1
6708,1
8077,1
2272,1
8248,1
8072,1
7324,1
3497,1
2976,0
9508,1
9558,1
3879,1
1738,1
3274,1
7685,1
6269,0
5269,0
10676,1
9505,1
10147,1
4519,0
9120,1
8715,1
3195,1
10402,0
8769,1
323,1
8682,1
3502,1
43,1
10455,1
898,1
8979,1
1057,1
8367,1
9175,0
3916,1
9226,1
9317,1
7756,1
4051,0
6188,0
10102,1
646,1
4868,1
9571,1
6867,1
4869,0
2517,0
5492,0
3003,0
4756,1
4115,0
5962,1
3060,1
9320,0
4971,0
5843,1
2315,1
7289,1
5678,1
9078,1
5803,1
4599,1
7604,0
5219,1
2116,0
9759,1
2703,1
6278,0
6662,0
10995,1
7144,1
2290,0
7695,0
2195,0
6799,1
10678,1
3474,1
5775,1
10436,1
1250,1
1486,1
20,1
10430,0
10671,1
1003,0
6342,0
5422,1
3289,0
7812,1
4847,1
8986,1
1888,1
9001,1
9875,1
8079,1
5824,1
6457,1
8604,1
2842,1
3390,1
9947,1
2947,1
9053,1
3378,1
10627,1
5158,0
10408,0
3791,1
3626,1
3354,1
5995,1
9560,1
7691,1
5200,1
3558,1
1038,1
1938,1
4259,1
6920,1
6195,0
3277,0
11054,0
6860,1
9882,1
6995,1
396,0
7517,1
4951,1
4183,0
5261,0
9663,1
3051,1
762,1
11071,1
8507,0
8688,1
3155,0
7019,0
10636,1
9730,1
2534,1
7241,0
4570,1
4122,1
3890,1
10673,0
8229,0
10231,1
8642,1
9089,1
4636,1
787,1
2739,0
5322,0
3318,1
9825,1
1244,1
5364,1
7939,0
442,0
7095,1
1321,0
2675,1
9989,1
6787,1
574,1
10006,1
2411,0
7569,1
8582,1
5178,1
2873,1
719,1
6280,0
4692,1
2469,1
8930,1
2662,1
6480,1
1603,1
5624,1
8214,1
2340,1
9728,1
3587,1
7683,1
8725,1
28,1
5756,1
8806,1
1849,1
228,0
8883,1
7774,1
7387,0
9302,1
7343,1
797,1
7397,1
2853,1
5153,1
4513,1
2039,1
3652,1
1538,0
7243,1
6753,1
2027,1
9738,1
10427,1
6853,1
4297,1
9834,1
8532,0
8270,0
1582,1
6602,1
5827,1
10572,1
6820,1
8973,1
4361,0
5077,0
8850,1
8916,1
5130,1
3676,1
1989,1
5213,1
1860,1
7690,0
1737,1
10758,1
2101,0
6647,1
2826,1
8285,1
7589,1
10337,1
2905,0
4658,0
1683,0
2626,0
2601,1
8208,1
7538,1
8521,1
6854,1
6216,0
5798,1
7267,1
3783,1
9169,1
3946,1
7375,0
2583,1
5757,1
4116,0
2986,1
2428,1
6329,0
4197,0
3075,1
4217,1
1281,0
7163,0
10446,0
794,1
9321,0
1532,0
9636,1
3325,1
10043,1
3101,1
6884,1
2814,1
1670,1
8189,1
9033,0
8985,1
1530,0
5759,1
11017,1
8199,0
7107,1
2439,0
3602,1
4306,0
1856,1
7556,1
10966,0
9990,1
8221,0
962,1
10892,1
8750,1
8781,1
9952,1
3143,0
8269,1
2377,0
5054,1
6071,1
6561,1
8080,1
7830,1
359,1
4445,0
9992,1
10616,0
2928,0
2907,1
8328,1
3892,1
8400,1
5886,0
9907,1
7254,1
10394,0
3404,1
988,1
11095,0
4245,1
6940,0
534,1
1357,1
6427,1
1859,1
7129,1
10648,1
75,1
7982,1
3540,1
8364,1
7680,1
4486,0
7385,0
2962,0
139,0
307,0
6455,1
1293,1
9713,1
9541,1
5170,1
9909,1
9639,1
9030,1
3825,1
10210,1
3917,1
9518,0
6865,1
10551,1
2559,1
5683,1
1329,1
4871,1
4546,1
6498,0
7715,1
10716,1
10209,1
9044,0
6117,1
665,1
6357,0
5188,1
10546,1
6969,1
4033,0
1129,1
2633,0
2664,0
1799,1
7505,1
6614,1
2747,1
670,1
2128,0
10159,1
8994,1
694,1
10406,0
6885,1
7958,1
3275,0
2309,1
3666,1
8963,1
2489,0
5362,1
3499,1
4830,0
3291,1
2784,1
9982,1
6611,1
8960,1
8909,1
7738,0
3829,1
8739,1
8908,0
1181,1
5816,1
5480,1
2894,0
2296,0
4733,1
10371,1
6374,0
7679,1
254,0
4569,0
59,0
8105,1
2969,0
5563,1
10763,1
462,1
8473,1
9707,1
10826,1
10873,1
10959,1
7923,1
1613,1
792,1
9974,0
2531,0
7673,0
1139,1
8614,1
1580,0
8002,1
7196,1
5979,1
10401,0
10056,1
4006,1
577,1
4677,1
7251,1
10604,1
10072,1
3042,1
9579,1
7352,1
5247,0
1495,0
9163,1
11147,1
1028,0
8829,1
4428,0
5523,1
4697,1
6721,0
7895,1
1156,1
6835,1
6742,0
8390,1
776,1
1611,1
10391,1
11042,0
10818,0
7325,1
10424,0
9051,1
9309,0
1868,1
2867,0
527,1
8913,1
9605,0
3774,0
1043,1
8177,1
7905,0
9771,1
4237,0
8728,1
5375,1
4367,1
8279,1
3285,1
3452,1
1266,0
9298,1
3153,1
133,1
9747,0
2435,0
7842,1
9803,1
6620,1
4274,1
5578,0
7727,0
7675,1
7974,1
10598,1
785,1
2993,1
6293,0
5157,1
4257,0
1224,1
6875,1
3122,1
5844,0
10861,1
1072,1
2709,0
6344,0
3583,1
3332,1
1867,1
9398,1
2417,1
2004,1
9672,1
10714,1
8867,1
3478,1
1035,1
10207,1
142,0
8868,1
9132,1
10452,1
10664,0
9370,0
7179,1
9129,1
1231,1
305,0
4262,0
5428,1
1295,0
9113,1
3781,1
8721,1
63,0
497,1
7515,0
2133,0
9687,1
291,1
3635,1
9840,1
10914,1
10435,1
8075,1
1614,1
9087,0
7220,1
1920,1
9465,1
5972,1
5926,1
4676,0
10393,1
10521,1
7803,1
11102,1
5254,1
1517,0
10410,1
6690,1
10934,1
4534,0
9631,1
4787,1
5534,0
10896,1
6217,1
2645,1
1850,1
5862,1
10695,0
4081,1
2627,0
3464,1
8312,1
4615,1
9511,0
7936,1
6763,1
3546,1
1037,0
3461,1
1310,1
8040,1
4639,1
1505,0
869,1
9871,1
4036,0
8335,1
3246,1
669,1
7787,0
6657,1
7924,1
104,0
10127,1
2445,1
5946,1
6619,1
7800,1
2557,0
257,0
10173,1
8905,1
8832,1
5146,1
190,0
3444,1
591,1
9914,1
2355,0
838,1
4141,1
3266,1
2828,1
7023,1
4689,1
9983,1
1076,1
389,0
2711,1
10981,1
8514,0
9409,1
10240,1
1418,0
7549,0
3641,1
6133,1
2423,1
496,0
4235,1
7870,0
10150,1
690,1
1352,1
8257,1
1157,1
134,0
10261,1
6718,1
6503,0
10667,1
4288,0
8954,1
9282,1
3634,1
3895,1
3441,1
10016,1
5929,1
7242,0
4930,1
1765,1
1993,0
5442,0
9439,1
9648,1
4352,0
10425,0
9207,1
10415,1
7632,1
8958,1
6291,0
10236,1
8766,1
1457,0
1092,1
7661,1
7497,0
10389,1
8593,1
10640,1
8545,0
3465,1
679,1
10304,1
1119,1
9014,1
7668,0
6296,1
708,1
7897,1
2507,1
11106,0
1741,1
5041,1
10630,1
5951,1
2048,1
1734,1
9142,1
2125,1
7138,1
449,1
6358,0
8215,1
7351,0
3518,1
2657,1
10196,1
2910,1
7166,0
6384,1
27,0
9903,1
5378,1
1460,1
3712,0
5515,1
2230,0
5262,0
3505,1
4613,1
2970,0
5366,1
9690,1
4129,1
9364,1
3433,1
8014,1
10900,1
9935,1
4010,1
9406,1
4436,0
5256,1
10748,0
8975,1
6715,0
2965,0
7506,0
3067,0
2188,0
10372,1
5154,1
4355,0
817,1
5148,1
3949,1
6052,1
8513,0
399,0
9753,1
4374,1
6574,1
10409,1
2961,0
7042,1
10601,1
11011,1
6389,1
6537,1
8377,0
7322,1
363,0
8857,1
4578,0
3763,1
2456,0
8443,1
7962,1
5585,1
3210,1
4489,1
812,1
4208,1
1204,1
10124,1
4726,1
2171,1
4078,1
853,1
9733,1
572,1
9264,1
4109,1
8198,1
9877,1
6897,0
4290,0
10828,1
6953,0
4273,1
2586,0
5627,1
8163,1
5215,1
8393,1
8823,1
686,1
5898,1
10969,1
2912,1
6331,0
9729,1
7073,0
4671,1
10696,1
5360,1
6510,1
10382,1
10885,1
1926,1
2010,1
3896,1
8679,1
9203,1
4267,1
1450,1
3508,1
5159,1
4554,1
4015,0
4127,0
8484,0
2512,1
7500,1
10635,1
6396,1
9869,1
3045,1
8501,0
7162,1
8498,1
643,1
9524,0
2974,0
7272,1
2688,1
1366,0
1335,1
636,1
4983,1
9899,1
2141,1
7376,1
7907,1
3766,1
5996,1
951,1
6563,1
10013,1
8800,1
3128,1
10712,1
9621,1
7460,1
4106,1
3501,1
10301,1
5283,1
418,0
8494,1
10375,1
7112,1
4084,1
4618,1
3395,1
8748,1
6341,1
8971,1
3870,1
8926,1
9208,1
6508,0
281,0
6746,1
9920,1
10395,1
3399,1
4895,1
4285,1
2172,0
6972,1
2708,0
10265,1
4214,1
6468,1
9814,1
1621,0
3252,0
3562,1
3537,0
9372,1
2641,1
10287,1
9037,1
2808,1
11073,1
3429,1
9583,1
9991,1
10034,1
9307,1
2643,0
1483,0
1326,1
9300,1
2019,1
2235,0
9417,1
3014,1
2320,0
3193,1
249,1
3491,1
11079,1
9423,0
7815,1
3597,1
1813,1
7371,0
11135,1
7884,1
2769,1
9546,0
8990,1
7737,0
487,0
5155,1
2502,1
47,0
3386,1
9535,0
6153,0
9123,1
2762,0
4305,1
5692,0
4462,0
5281,1
3453,0
8749,1
9400,1
5931,1
1783,1
4202,1
789,1
5035,1
7256,1
10529,1
9827,1
5182,1
3484,1
1498,1
9818,1
883,1
4073,0
1811,1
4781,1
8213,1
4944,1
3912,1
5913,1
3188,1
5672,1
1132,0
2667,1
7004,1
8617,1
8524,0
7740,0
640,1
9647,1
8876,1
5566,0
5730,0
1618,1
8572,0
582,1
9204,1
8128,1
3852,1
3409,1
6149,0
961,1
4652,0
2918,1
9410,1
6548,0
9413,1
510,1
8591,1
6130,1
3884,1
725,1
3337,1
1423,1
2008,1
5932,0
8838,1
5354,0
8665,1
9986,1
8893,1
1484,0
10168,1
7541,0
10626,1
9644,1
6957,1
757,1
82,0
10582,1
8217,0
1893,1
10652,1
9399,1
6859,0
1166,1
6506,0
8453,1
6054,1
4900,1
2668,1
9246,1
3311,1
10943,0
7747,0
3062,1
5513,1
6483,0
5169,1
3862,1
4607,1
7792,1
3352,1
3725,0
9039,1
2967,0
5114,1
1207,1
8271,1
1728,1
2112,1
10366,1
39,1
8461,1
5919,1
10280,1
9100,1
7768,1
7069,0
84,1
2948,0
1718,1
6091,0
6035,1
6515,1
721,1
2131,1
10701,1
5993,1
1340,1
5937,1
7890,1
7648,1
1690,1
9625,1
10087,1
8667,1
6975,1
5235,0
10723,1
10942,0
9555,1
8638,1
6460,1
9987,1
4762,1
1708,1
2175,0
9526,0
10098,1
4674,1
7785,1
1548,1
3937,1
10756,1
11008,0
9262,1
7350,1
10135,1
606,1
1006,0
6612,1
9806,1
3004,1
8137,1
8076,1
3843,0
3498,0
5312,0
6668,1
11077,0
9046,1
8218,1
3716,1
5373,1
5834,1
3487,1
5876,1
3717,0
4337,0
5603,1
2852,0
4492,1
10668,1
8059,1
3130,1
5556,1
3496,1
567,1
7720,1
3200,1
2415,1
10014,1
3506,1
8758,1
1854,1
10465,1
1419,1
9353,1
8439,1
8745,1
3100,0
4797,1
4229,1
837,1
8082,1
10032,1
5411,1
704,1
8848,1
1714,1
10739,1
9104,1
2570,0
245,1
1261,0
456,0
8959,1
1879,1
5245,1
7755,1
8957,1
3008,1
8570,0
7048,1
9937,1
8992,1
4707,1
4594,1
1062,0
7201,1
3439,1
1870,1
3707,0
8102,1
936,1
7837,1
6628,1
2277,1
10201,1
2578,1
2564,0
7882,1
4915,0
4913,1
2211,1
7621,1
8797,1
3611,1
2745,1
10651,1
9961,1
9865,1
581,1
10997,1
10495,0
607,1
5626,1
3323,1
5810,1
8875,1
7074,1
9977,1
9356,1
4170,0
1801,1
4837,1
3237,0
512,1
4550,1
5885,0
7568,1
836,1
10704,0
10144,1
2874,1
8012,1
822,1
3614,1
3339,1
2299,1
9284,1
9387,1
5541,0
1388,0
6687,0
10737,1
1671,0
3411,1
3144,1
9864,1
2352,0
10369,1
4511,1
10904,1
9342,0
6699,1
7436,1
4719,1
3929,0
6084,1
10490,1
9394,1
3698,0
9482,1
10596,0
9244,1
4687,1
3803,1
8590,1
1390,1
7879,1
1607,0
10094,1
7396,1
5395,1
10787,1
3848,1
8204,0
9599,1
6706,1
9450,1
3235,1
346,0
8005,1
8502,0
4316,1
11007,0
11026,0
3208,1
2878,1
5573,1
8837,1
3814,0
5726,1
1931,1
6099,1
2097,1
6033,0
2018,1
3124,1
3872,1
6531,1
2855,1
3333,1
2741,0
8653,1
3380,1
4695,1
703,1
2884,1
1192,1
10564,1
4314,1
6314,0
9916,1
8607,1
1311,1
10895,1
3059,1
10239,1
5070,1
8252,1
443,0
4961,1
7599,1
4765,1
1428,1
9259,1
2870,1
1020,1
5258,0
666,1
7253,1
10856,1
6493,0
2725,1
3563,1
5782,1
1695,1
2824,1
1933,1
1751,1
4873,1
4998,1
174,1
5997,1
750,1
9832,1
9881,1
8013,1
8159,1
3897,1
9764,1
5504,1
8180,1
4231,0
923,1
9867,1
8810,1
9143,1
9866,1
7733,1
2380,0
1736,1
8818,1
871,1
3654,1
368,1
8895,1
10913,1
10631,1
9025,1
649,1
9171,1
3061,1
9330,0
1560,1
5592,1
2476,1
556,1
3022,1
4903,1
863,1
1383,0
2608,1
7358,1
9709,1
8652,1
1986,1
10919,1
9489,1
6011,1
3706,0
2491,0
5896,0
10211,1
9270,1
1746,1
5707,0
5659,1
6978,0
3878,1
5179,1
8730,1
3695,0
9228,1
8299,0
10272,1
9569,1
3181,1
2541,0
8673,1
8074,1
1089,0
7204,1
10064,1
5536,1
4295,1
9749,1
6764,1
6333,1
9928,1
4931,0
1612,0
553,1
10566,1
1835,1
4026,1
10012,1
11117,0
1376,1
1539,0
2095,1
10632,1
3723,1
8510,1
10429,1
3489,1
8035,1
8345,1
10202,1
6910,1
10,0
7199,1
5425,1
7438,1
5499,1
4008,1
10567,1
3141,1
1884,1
10956,1
10076,1
8756,1
1249,1
2837,1
7140,1
4037,0
8947,1
2990,1
1146,1
4556,1
1994,0
2163,1
1749,1
9714,1
9607,1
10317,1
7121,0
8056,1
9950,1
7126,1
9534,0
6192,0
8577,1
2073,0
6194,0
4468,1
6289,0
10285,1
1919,1
3637,1
4767,1
1699,0
6944,0
8414,1
2483,1
3013,1
937,1
6637,1
6369,1
3234,1
3818,0
9016,1
4130,1
4870,0
9491,1
8812,1
3604,1
9796,1
2771,1
9476,1
7509,0
1019,1
10816,1
8801,0
1711,1
2304,1
5605,1
2023,1
4220,1
1368,1
8944,1
8522,0
8535,0
6696,1
1477,0
360,0
7546,1
5462,1
5841,0
5359,0
358,1
3939,1
10390,1
9926,1
916,1
7134,1
1536,1
7858,1
5118,1
7408,1
10570,1
7777,1
7209,1
1573,1
3033,1
3025,1
7608,1
3178,1
8195,0
8798,1
5385,1
6013,0
4581,0
4242,0
2465,1
6605,1
4049,1
7451,1
8820,1
4348,0
3750,0
8083,1
2813,1
1294,1
10115,1
1529,0
7545,1
9097,1
5244,1
1894,1
10178,1
10107,1
6704,0
562,1
1594,1
583,1
4336,1
9110,1
4791,1
11047,1
9821,1
10473,1
1141,1
7927,1
230,0
6264,0
5907,1
1937,1
5316,0
6551,0
564,1
9533,0
2474,1
1154,1
3312,1
9731,1
44,0
5377,1
3454,0
11060,0
8216,1
6171,1
4342,1
1168,1
1099,1
9862,1
4725,0
7298,1
3612,1
4356,0
4817,1
7153,1
3861,1
5611,1
5961,0
5545,1
5446,1
10842,1
4935,1
8027,1
6189,0
11114,1
11089,1
8342,1
620,1
5251,0
5708,1
8230,1
1779,1
282,1
4001,1
3424,1
5861,1
8311,0
5941,1
9596,1
4785,1
4201,1
10891,1
2513,1
8098,1
7532,0
7708,1
1345,1
802,1
10146,1
2632,1
1147,1
2543,1
8741,1
2357,0
4567,1
5905,1
9141,1
1788,1
5970,0
7157,1
1992,1
5252,0
3357,1
835,1
7208,1
9181,1
9069,1
4460,1
8863,1
1021,1
7326,1
3043,1
9058,1
3572,1
958,1
5830,1
423,0
4551,0
1518,0
4706,1
9923,1
6392,1
4303,0
7639,1
8188,0
8363,1
9620,1
2226,1
2804,1
3718,0
10222,1
4865,1
5267,1
3524,0
8121,0
7710,0
9057,1
1730,0
4025,1
1995,1
2252,0
8722,1
1668,1
10175,1
2523,1
2107,0
9296,1
5963,1
8339,1
2164,0
5137,1
6812,1
9782,1
1273,1
3565,1
10936,1
127,1
2404,0
4960,1
3347,1
3413,1
7091,0
6813,1
1634,1
10277,1
4649,1
7156,1
8543,0
7966,1
6288,0
569,1
1299,1
5005,1
1248,1
10460,1
7776,1
9751,1
7142,1
641,1
10125,1
6705,1
4828,1
4717,1
5518,0
5602,1
4562,1
6609,1
8151,1
10103,1
9746,1
5302,1
3385,1
224,0
10187,1
2375,0
7452,1
7659,1
9750,1
10481,1
10088,1
3863,1
2639,0
2462,0
6422,1
6276,0
2335,1
890,1
10284,1
4318,1
10186,1
3405,1
1874,1
7656,0
3495,1
579,1
4543,1
6601,1
1878,1
10689,0
8424,1
3945,1
2916,1
81,0
4923,0
9004,1
5234,1
4882,1
9198,1
5028,1
401,1
8690,1
1411,1
6406,1
4970,1
1046,0
1115,1
6271,0
9826,1
9229,1
3406,1
9624,1
4564,1
742,1
10557,1
546,1
4675,1
5806,1
3520,1
6511,0
10992,1
10650,1
588,1
7239,1
1188,1
8255,1
8668,1
5822,1
2332,1
7587,1
8972,1
10100,1
10189,1
1973,1
2467,0
8173,1
3827,1
6893,1
3599,1
1818,1
3462,1
3293,0
8762,1
1209,1
5390,1
4341,0
10645,1
9277,1
4443,0
8719,1
10441,1
73,0
5304,1
5953,1
4184,0
1031,0
2205,0
9770,1
5015,1
2875,1
4937,1
6376,1
2042,1
1762,1
4365,1
416,1
9530,0
4423,0
10132,1
342,0
1673,1
9786,1
2482,1
2663,1
4505,0
3351,1
8698,1
10343,1
6579,1
3292,1
11133,1
9721,1
6552,0
2454,0
11142,0
9327,0
1649,0
1490,0
9211,1
5323,1
8696,1
4928,1
2087,0
3882,1
4532,0
109,0
8421,1
7113,1
4548,0
7466,0
3702,1
786,1
424,1
9528,1
10334,1
9851,1
1015,1
5424,0
5749,1
10191,1
7425,1
6983,1
218,1
10586,1
10469,1
1513,0
5495,1
5942,1
374,0
11070,1
9595,1
4070,1
8859,1
1466,0
10690,1
10450,1
5617,1
5081,1
5619,1
2336,1
1526,0
2587,0
1667,1
2119,1
1247,1
3146,1
10677,1
6558,1
1997,1
5277,1
4012,1
125,1
9193,1
5510,1
1633,0
9539,1
7279,1
6228,1
537,1
3960,0
2620,1
1604,1
3691,1
8967,1
8977,1
9652,1
2684,1
628,1
5,1
3047,1
718,1
2274,1
6855,1
1652,1
6101,1
3421,1
6106,0
5451,1
8547,1
8399,1
6240,0
5920,1
3627,1
9148,0
10297,1
4657,0
9176,1
5031,1
8465,1
547,1
5966,0
895,1
2288,0
5914,0
3794,1
10709,0
6691,1
8485,1
6440,1
4393,0
5291,1
8493,1
8411,0
7892,1
6936,0
1093,1
3889,1
5836,1
6621,1
5945,1
9868,1
3757,0
2699,1
10497,1
6862,1
3646,1
217,1
8247,1
231,1
8496,1
4086,1
3317,1
8897,1
8793,1
2666,1
9189,1
7178,1
4011,1
6692,1
5616,1
10916,1
9861,1
7087,1
4080,1
8344,1
11038,0
4075,0
7177,1
6170,0
1681,1
431,0
3264,0
319,0
4802,1
2049,1
1173,1
9853,1
6775,1
8101,1
1982,0
5457,1
3018,1
5604,1
6738,0
4710,0
6517,0
7099,1
8155,1
4016,1
10965,1
2007,1
7365,1
4045,0
9795,1
5335,1
10783,1
928,1
3987,1
1923,1
10079,1
2464,0
6179,1
8511,0
11087,1
3623,1
6131,1
4894,1
10121,1
10399,1
6363,0
5560,1
10715,1
9547,1
5352,1
8615,1
2342,0
8618,1
4984,1
5108,0
4039,0
3307,0
9090,1
849,1
7165,1
7623,1
4357,0
2173,0
2373,0
3685,0
8920,1
10274,1
3320,1
1662,1
2987,1
4398,1
2413,0
434,1
3229,0
6174,0
4949,1
4370,1
3096,0
3615,0
4854,1
9479,0
10793,1
8476,1
3977,0
4193,0
9580,1
8706,1
8133,1
7232,1
3493,1
6796,1
9762,1
186,0
247,1
5407,1
4595,1
11023,1
7122,0
9673,1
8387,1
4095,1
868,1
9343,1
420,0
6038,0
3091,1
7249,1
5595,1
9349,0
7213,1
10282,1
2781,1
9953,1
4987,1
11099,0
7576,1
3998,1
6734,1
10735,0
1837,1
9486,1
1080,1
5180,1
9319,0
2472,0
10338,1
1562,1
1371,1
4250,0
10487,1
3731,1
235,1
5600,1
1150,1
4611,1
7672,1
10461,1
7726,1
9168,1
1351,0
6113,1
10610,1
8479,1
2735,1
4158,1
5037,1
1745,0
6466,1
727,1
1306,1
6206,0
376,0
11055,0
7479,0
5638,1
4708,1
1144,1
6236,1
6132,1
1153,1
9606,1
925,1
10538,1
6491,0
4917,0
5528,1
3519,1
3113,1
693,1
3653,0
4779,0
1647,1
6444,1
2569,0
8016,1
8976,1
523,0
2254,0
3256,1
7032,1
3173,1
3408,1
4409,1
5325,1
9817,1
926,1
3247,0
2623,1
6595,1
4200,0
7440,1
10204,1
7216,1
10682,0
10642,1
9361,1
9772,1
10320,1
6336,1
3822,1
409,0
7700,0
4027,1
3327,1
227,1
6433,1
3739,1
10708,1
1981,0
4018,1
6534,1
8378,1
3552,1
2606,0
10085,1
3470,1
603,1
9105,1
5135,1
6452,1
3789,1
8365,1
6322,0
5324,1
7025,1
3534,1
113,1
8487,1
10801,1
6968,1
4046,1
9202,1
4031,0
9695,1
489,0
7790,1
6784,1
5688,1
4074,0
735,1
2638,1
9972,1
8646,0
8338,1
8415,1
4539,1
8302,1
7226,1
2158,0
2346,1
2687,0
7067,1
1005,1
4057,0
9585,1
1349,1
8412,1
7981,1
6092,0
601,1
4043,0
3729,0
7005,1
7237,1
9872,1
8717,1
1747,1
7160,1
1619,0
2669,0
6173,1
4860,1
9845,1
815,1
3994,0
10865,0
10728,0
3891,1
6079,1
4783,1
10854,0
8030,1
6191,0
8152,1
7916,1
11115,1
3288,1
11001,1
1764,1
4240,0
9393,1
8346,1
10593,0
1535,0
7908,1
4906,1
1268,1
5030,1
1623,0
6774,1
7404,1
8381,1
5705,1
6674,0
2499,0
10516,1
8167,1
8104,1
7753,1
8246,1
10672,1
3549,1
2953,1
9328,0
4521,0
10242,1
10802,1
10685,0
6165,0
4784,1
3625,1
7105,1
8140,1
9913,1
10149,1
5074,1
3965,1
3984,1
8375,1
5243,1
234,0
8969,1
8212,0
866,1
5194,1
5846,1
4586,1
343,0
6635,1
2516,1
7535,1
7963,1
8705,1
1820,1
10116,1
5676,0
10535,1
6872,0
7164,0
3157,1
11020,1
393,1
3515,1
10580,1
244,1
11136,0
9567,1
10732,1
4565,0
9283,1
8723,1
2524,1
8689,1
9582,1
7214,1
7865,1
4021,0
8984,1
6842,1
10418,1
5599,1
3618,1
5882,1
213,0
8787,1
1251,1
4359,1
8601,1
3585,1
8622,1
8106,0
3693,1
9013,1
8107,1
6305,1
7174,1
9891,1
10215,1
10482,1
10871,1
6501,1
45,1
3184,1
8001,1
6682,1
9121,1
3580,1
10111,0
9383,1
2471,0
7210,1
9927,1
2433,0
7889,1
4666,1
8185,1
8466,1
8148,1
4699,0
909,1
11126,1
9403,1
6312,0
1939,1
1471,1
5681,0
1016,1
3242,1
9816,1
7567,1
1600,1
10206,1
382,0
8084,1
1256,1
9619,1
6589,0
3392,1
77,1
7271,1
10515,1
3874,1
4939,1
2344,0
1975,1
10090,1
911,1
170,0
7131,1
3463,1
5593,1
4934,1
10660,1
4688,0
7012,1
3866,1
3437,0
7111,1
5327,1
3738,1
2634,0
5383,1
9061,1
9074,1
9131,1
3190,1
1222,1
3258,1
2223,1
7502,1
2228,1
3982,0
1578,0
10148,1
4277,0
8737,1
2343,1
4910,0
9404,1
3104,1
9206,1
5575,1
10553,1
2420,1
3909,1
3007,1
2070,0
4414,0
4334,1
2938,1
3575,1
656,1
4786,1
6088,1
10924,1
2361,1
7017,0
3522,1
8475,1
4559,1
1905,1
4153,1
1066,1
1787,1
5651,1
1365,0
9971,1
7347,1
10029,1
5725,1
2108,1
383,1
5051,1
8940,1
9497,1
1017,1
10106,1
19,0
1822,1
10986,1
6413,1
4299,1
6255,0
4852,1
2319,1
2576,0
5731,1
1237,1
891,1
7281,1
6352,0
2,0
3322,1
2118,1
10990,1
668,1
7435,1
3338,1
7902,1
3955,1
3900,1
6359,1
11120,0
436,0
7410,1
2168,0
10378,1
5222,1
8515,1
2925,1
7781,1
5991,1
6347,0
3416,1
1527,0
8953,1
10978,1
10680,1
10576,1
6921,1
6731,1
2552,1
746,1
2839,1
3228,1
8446,1
520,0
5120,1
7078,1
120,0
6778,1
289,0
4392,0
8869,1
7386,1
7422,1
94,1
10926,1
1775,1
6645,1
3802,1
8340,1
4418,1
5102,1
2132,1
1550,1
7444,1
8495,1
4473,1
2752,1
6526,1
4938,1
10832,1
4060,0
7904,1
8505,0
4605,1
4606,1
2812,1
1766,1
542,1
9083,1
1664,1
3448,1
561,1
6247,0
8472,1
5167,0
3657,0
6301,0
269,0
5481,1
2055,1
10766,1
5706,1
4213,0
6871,1
10295,1
9451,1
9059,0
1297,1
6343,1
684,1
10256,1
10750,1
5529,0
9906,1
8210,0
9668,1
201,0
9098,1
4840,1
6490,1
10345,1
7331,1
1451,1
4079,1
1712,1
2051,1
3824,1
2356,1
8024,1
8158,1
5915,1
3751,1
8674,1
1697,0
3769,1
158,0
6912,1
6592,1
4598,1
2849,1
7918,1
5960,1
4476,1
9205,1
2863,1
2266,0
4212,1
3809,0
595,1
513,1
10045,1
8440,0
435,1
2239,1
1864,1
2851,1
10552,1
2215,1
5764,1
3139,1
6963,1
7258,1
1202,1
1075,1
1337,1
5786,1
3066,1
7826,1
967,1
8462,1
3471,1
9407,1
4249,0
6141,0
1083,1
10122,1
8965,1
11100,1
3671,1
6713,0
1702,1
610,1
3722,1
4734,0
9815,1
3093,1
5392,1
3431,1
7533,0
9522,0
2719,1
5113,0
9179,0
2275,1
4813,1
6693,1
10803,1
7585,0
1218,1
3610,1
1659,1
5082,1
7168,1
1230,1
7925,0
3643,1
5640,1
6474,1
893,1
10397,0
10262,1
8389,1
4118,0
2817,0
5003,1
2443,0
6178,0
10203,0
4768,1
3675,1
7364,0
5250,0
10305,1
10979,0
1104,1
8039,1
10225,1
9156,1
5866,1
793,1
8711,1
6567,1
6239,1
4612,1
5432,0
2792,1
5122,1
7403,1
9306,1
2510,0
9242,1
4195,0
4117,0
1223,1
4413,1
1278,1
5944,1
4363,1
6254,1
7896,1
3908,1
1507,0
8526,0
3667,1
9272,1
5908,1
2196,0
6762,1
8523,0
1288,0
7221,1
5398,1
5895,1
3940,1
7947,0
1182,1
6150,0
10795,1
1545,1
2269,1
3298,1
3174,1
7356,1
4131,1
671,1
2369,1
10255,1
6908,1
2774,1
7021,1
4454,1
2544,1
5227,1
7891,0
10330,1
9849,1
5273,0
6695,1
9549,0
10740,0
1010,0
3286,0
897,1
2156,0
7786,1
2599,1
717,1
4805,1
2477,0
6297,0
2450,0
2280,1
5014,1
10060,1
4727,1
4638,1
5569,1
365,0
2292,0
2416,1
9515,1
7244,1
4497,0
6519,0
716,1
5417,1
5226,1
5849,1
9843,1
7582,1
10288,1
2958,0
11093,0
7935,1
9232,1
2225,1
6330,1
1172,1
8555,0
9999,1
5728,1
6840,1
8135,1
4071,1
5095,1
5351,0
960,1
5542,1
2885,0
26,1
7991,1
6470,1
5402,1
4378,1
9741,1
7530,1
10833,1
2763,1
6925,0
6299,0
7626,1
7731,0
4667,0
9152,1
3189,1
9527,0
11064,1
4221,0
10669,1
1493,0
5144,1
8655,1
10500,0
758,1
3058,1
2284,1
9269,1
4310,1
535,1
1554,0
6274,1
4794,0
7416,1
3561,1
9559,1
8791,1
5142,1
5671,1
1011,0
11027,1
6476,1
9556,1
9382,1
2758,0
7222,1
2179,0
5936,1
4929,0
990,1
7066,1
9504,1
7577,1
638,1
4553,0
5472,0
9188,1
563,1
5478,1
2399,1
6610,1
4110,1
1070,1
6083,0
5463,0
10129,1
8313,1
4879,1
3778,1
3182,1
6424,1
3806,0
10089,0
4582,1
8586,1
1427,0
2801,1
8391,1
10289,1
2121,0
8999,1
1624,0
3137,0
10245,1
3036,1
2285,0
430,0
6155,1
3928,1
7853,1
9570,1
6904,1
4241,1
3541,1
8209,1
115,1
2234,0
3867,1
6432,1
7757,0
6415,1
7707,1
466,0
7061,0
756,1
5433,1
10067,1
11118,0
2807,1
8409,1
10176,1
6903,0
9308,1
11131,1
6118,1
9812,1
1628,1
3819,0
7636,1
5073,1
3510,1
8070,1
7816,1
5664,0
5639,1
10169,1
5747,1
1642,0
6909,1
4133,0
4327,0
9656,1
8020,1
4382,1
3134,1
796,1
4682,1
10527,1
8111,1
7570,1
7341,1
8380,1
8824,1
8643,1
261,0
2610,1
270,0
3557,0
4561,1
10392,1
7634,1
4384,0
6883,1
2580,0
5887,1
4186,0
2207,1
3569,1
8842,1
10585,1
10296,1
1544,1
3341,0
7553,1
2715,1
3111,0
7197,1
905,1
8161,1
3715,1
2219,0
8442,1
1528,1
994,1
318,0
5546,0
1463,1
8162,1
6248,1
8426,1
968,1
2313,0
4464,1
11005,0
6874,1
5666,0
4654,0
2349,1
7143,1
8236,0
6629,1
6581,0
8536,0
10550,1
4623,1
4211,0
6513,0
3606,1
859,1
4052,1
832,1
1565,1
5645,1
5115,1
9694,1
11022,1
9768,1
3910,1
3795,0
1983,1
5808,0
9240,1
10405,0
10411,1
10774,1
9359,1
3494,1
7368,1
10476,1
2506,0
6382,0
9852,0
2780,1
10532,1
7292,1
1768,1
841,1
11058,0
10299,1
144,0
1899,1
2832,1
1343,1
6163,0
5950,1
10609,1
9217,1
4790,1
8041,1
384,0
9326,0
3245,1
6896,1
8764,1
8038,1
10804,1
6640,1
7864,1
9744,1
4218,0
1245,1
9360,1
10137,1
5848,1
4373,0
5430,0
4083,0
5116,0
138,0
3828,1
7886,1
5557,1
9458,1
7716,1
10922,1
4948,1
1961,1
427,1
8388,0
6442,1
10109,1
3077,1
644,1
5166,0
8326,0
4749,1
7463,0
9411,1
4439,0
1221,1
7442,0
3600,1
3034,1
366,1
5793,1
9446,1
1651,1
4941,1
2154,1
9305,1
478,0
1656,1
2519,1
3083,0
3747,0
5185,0
6318,1
3131,0
10611,1
6740,0
6356,1
4969,0
5811,1
655,1
10140,1
2220,0
4294,0
2421,0
6015,0
4055,1
9414,1
9756,1
6652,1
3028,1
9894,1
1851,0
7573,1
46,0
2791,1
11145,0
3798,1
828,1
2628,0
7394,1
8946,1
5889,0
1051,1
6441,1
10813,1
2093,1
6426,1
76,1
2508,0
1219,1
53,0
2803,1
3578,1
8541,0
5744,1
4093,0
9079,1
5223,1
2345,1
10479,1
6623,1
5655,1
2306,1
4104,1
7799,1
2802,1
5959,1
8921,1
2612,0
2229,0
7482,1
5928,0
9017,1
7262,1
6115,1
7031,1
8799,1
2038,1
8316,1
775,1
6710,1
437,0
1091,1
5436,1
8241,0
3423,1
1509,0
212,1
5712,1
11083,0
3243,1
739,1
6849,1
1433,1
5872,0
7794,1
3220,1
9081,1
8640,0
8627,1
1743,1
294,0
7537,1
10163,1
629,1
4859,0
8477,0
5508,1
4634,1
9661,1
5315,1
9048,1
7696,0
4857,1
1492,0
687,1
6769,1
182,0
31,1
6040,0
11040,0
10817,0
1525,0
635,1
4902,1
892,1
7449,1
3473,1
2444,0
6898,0
10018,1
6283,0
222,1
7702,0
8063,1
3673,1
8125,1
9939,1
3539,1
3328,1
284,0
8544,0
6786,1
5594,1
9263,1
1598,0
943,1
9706,1
11014,1
483,0
8418,1
5121,0
6717,1
8055,1
7643,1
9573,1
552,1
3090,1
4096,0
1034,1
7034,1
5084,1
2126,0
4845,1
3550,1
7987,1
1555,0
10248,1
6977,0
8420,1
469,0
5598,1
1045,1
4656,0
6017,1
2458,1
2381,1
108,0
3684,0
543,1
5685,0
9944,1
1804,1
5590,1
8516,0
1821,1
2622,1
2360,1
9669,1
5917,0
6669,1
10190,1
10764,1
10462,1
459,0
1023,1
4236,1
2640,1
1943,1
4161,1
7257,1
10549,0
381,1
605,1
1392,0
9696,1
6446,1
10379,1
7555,1
6929,1
9422,1
10092,1
7979,1
9551,1
9996,1
7985,0
6259,0
4243,0
8478,1
7461,1
3847,1
3742,0
4751,1
7424,1
816,1
1039,1
9945,1
2256,0
4364,1
1307,1
5249,0
7094,1
10867,0
8366,1
8578,1
6102,1
2365,0
9822,1
7367,1
8677,1
1657,1
4547,1
9322,1
415,1
2294,1
4441,1
9028,1
357,0
1999,0
10777,0
275,1
90,1
6915,1
6362,1
2871,0
2585,1
2504,1
10948,1
9575,1
2011,1
9012,1
6176,0
7176,1
5085,1
9501,1
8704,1
3964,0
5548,1
9331,1
6475,1
1234,1
9385,1
9158,1
10554,1
3588,0
4174,1
9138,1
9011,1
3121,1
4874,1
4103,1
5797,1
6053,0
5948,0
5695,1
7596,1
2390,0
265,1
6528,1
1054,1
446,1
5067,1
538,1
3857,1
8914,0
1524,0
6431,1
8091,1
7849,1
9566,1
5409,1
4173,0
5361,1
6300,0
6542,0
6597,1
3632,1
6428,1
7215,1
4427,1
7615,1
4469,1
8103,1
2236,1
5198,1
3321,1
5768,1
3703,1
609,1
7308,1
8109,1
9230,1
2157,0
10002,1
2169,1
8283,1
6670,1
6298,0
3039,1
9285,1
1461,0
10484,1
1476,0
8305,0
4972,1
5854,0
8320,1
5765,1
2487,1
8354,1
8796,1
419,0
9265,1
4526,0
3232,0
7641,1
8360,0
1384,0
6559,1
5372,1
10344,1
3877,1
2497,0
3903,1
6946,0
8295,1
4135,0
903,1
5859,1
3511,1
9095,1
978,1
3161,1
4154,0
450,1
4260,1
6877,0
3226,0
6472,1
589,0
10091,0
3590,1
1424,0
3551,1
1191,1
8266,1
6401,1
8718,1
2260,1
1682,0
7423,1
5992,1
7426,1
2768,1
10141,1
7625,1
260,0
1487,0
8220,1
1105,1
1117,1
7600,1
5713,1
379,0
2385,0
7152,1
11018,1
7758,1
9315,1
7767,1
5447,1
9,1
1197,1
618,1
3775,1
3756,0
8786,1
2862,1
5401,1
7353,1
3085,1
9303,1
9960,1
7562,0
10821,1
9761,1
5618,1
3010,1
7899,1
405,0
4887,1
6697,0
724,1
8765,1
4851,1
9384,1
5650,1
10228,1
2479,0
1806,1
3779,1
8081,1
4589,1
10166,1
5341,1
1680,1
5220,1
5450,0
9047,1
6964,1
6167,1
4760,0
9034,1
5582,1
1178,1
810,1
6391,1
5066,1
3410,1
10589,1
11062,0
8413,1
2075,0
1987,0
10498,1
10620,1
667,1
3369,1
4254,1
340,0
1134,1
5584,0
7475,0
10928,1
10153,0
9969,1
2717,1
7640,1
6585,1
3427,1
2247,0
6821,1
6031,0
1123,0
11010,1
149,1
10264,1
9523,0
3514,1
8113,1
6780,1
3969,0
10624,1
5855,0
3727,1
4827,0
6741,0
4188,1
1022,1
10075,1
4568,0
3922,1
557,1
3154,1
6346,0
9779,1
6270,0
2324,0
1367,1
2484,1
5965,1
3595,1
8588,0
4789,1
7970,1
1784,1
7056,1
7629,1
9932,1
2901,0
8779,1
9243,1
9487,1
8051,1
2841,0
8860,1
4711,1
7092,1
3976,0
6724,1
3302,1
8631,1
8968,1
2511,1
5013,0
1753,1
1731,0
7782,1
8755,1
2159,1
1514,0
312,1
6934,0
6045,1
7646,1
5429,1
4470,1
1732,0
6187,0
5358,0
4332,0
4446,1
111,0
4379,0
6294,0
1446,1
10161,1
1474,0
3622,1
11013,0
8474,1
971,1
1583,1
506,0
5321,1
1036,1
9598,1
1081,1
5330,0
4320,1
10309,1
7868,1
2822,1
2927,1
9165,1
5734,1
2244,0
2678,1
9809,1
10300,1
5501,1
6408,1
7002,1
8065,1
2069,1
1887,1
8549,0
8142,1
10341,1
6286,1
3730,1
386,1
8917,1
11012,0
4192,1
3991,0
1508,0
1944,1
3970,0
2050,1
4474,0
9553,1
9783,1
10952,1
9719,1
5264,1
8695,1
9942,1
6418,1
6323,1
8457,1
3284,1
7202,1
9445,1
5350,0
233,1
3601,1
10108,1
8403,1
8509,1
6604,1
5973,1
7995,1
6135,0
7793,1
8626,1
8885,1
7151,1
10874,1
7749,1
7633,1
692,1
3300,1
1791,1
406,0
7836,1
4712,1
7703,0
9879,1
276,1
3345,1
1464,1
2113,1
9608,1
5777,1
2243,0
10571,1
5693,1
2765,1
473,1
5933,0
4482,0
10575,1
6970,1
168,0
9469,1
5813,1
344,0
6233,0
633,1
4307,1
6765,1
5699,1
9878,1
10015,1
9674,1
2751,1
6212,1
140,0
8071,1
2868,1
8092,1
5008,0
8734,1
673,1
6544,0
9925,1
5653,1
3428,1
2611,0
5649,1
4042,0
4807,1
8802,0
6951,0
9049,1
1467,0
1795,1
410,0
3438,1
7393,1
1386,0
8470,1
2991,1
6756,1
4076,0
10838,1
8767,1
9088,1
11138,0
1305,1
3832,1
4825,1
3255,0
10504,0
5614,1
4778,1
1501,0
6918,1
804,1
1444,1
5376,1
1009,1
3175,1
7041,1
5680,1
4829,1
220,1
3797,1
6353,0
3019,1
10932,1
1964,1
7875,1
1265,1
7411,0
9904,1
9468,1
7464,0
7761,1
10051,1
13,1
5211,1
5648,1
5870,1
10808,1
10661,1
10938,1
6725,1
7822,1
1097,1
650,1
6779,1
1391,1
8144,1
8205,0
1443,0
6373,0
6965,1
5093,1
5751,1
7335,1
3801,0
1922,1
8919,1
2805,1
6846,1
2690,0
3103,1
10263,1
6185,1
9804,1
3932,1
9433,1
8624,1
8145,1
531,1
194,0
3838,0
9805,1
7145,1
8634,0
4226,1
5789,1
4152,0
5493,0
6527,1
3728,0
2457,0
2629,1
5922,0
10276,1
10040,1
3349,1
7013,0
4372,1
930,1
6984,1
2756,1
1895,1
4773,1
4350,0
4404,1
7182,1
6253,0
7328,1
9581,1
3162,1
6803,1
2231,0
129,1
66,0
2170,1
9015,1
6646,1
9591,1
9151,1
2192,0
9626,1
10864,0
8625,1
8323,1
6952,1
5164,1
9675,1
2402,0
4481,1
5930,1
2594,0
3088,1
8613,1
7459,1
3420,1
3904,1
6514,0
10165,1
8693,0
3314,1
2488,1
10790,1
6448,1
3887,1
3054,1
1593,1
7186,0
4338,0
7303,1
10746,1
7374,1
8368,0
8778,1
4247,0
184,1
519,0
8332,1
4996,1
9096,1
6275,0
9896,1
6211,0
10703,0
2522,0
7926,1
2020,1
4716,1
9371,0
8753,1
1984,0
2130,1
5606,1
4380,0
9108,0
6230,1
5840,1
6911,1
987,1
8621,1
7828,1
9392,1
4494,1
7184,1
7315,1
1179,1
7655,0
4593,0
10962,1
38,1
6675,1
2617,1
827,1
5909,1
2820,1
10637,1
4233,1
8419,1
9793,1
5729,1
8078,1
6435,1
337,1
1103,1
3227,1
6761,1
2389,0
4516,1
1394,1
3479,1
5522,0
6941,0
7498,0
9959,1
6777,1
4571,1
732,1
1296,0
7808,1
8851,1
5785,1
10734,1
2403,0
10579,1
6660,1
1285,0
10522,1
1025,1
333,1
10987,1
4136,0
2992,1
7301,1
6783,1
6927,0
8219,1
5368,1
11137,0
274,0
1782,1
8280,0
1027,1
166,1
8272,1
1819,1
11119,1
7378,1
2040,1
6292,0
6116,1
8949,0
6082,1
2680,1
464,1
8713,1
2297,1
5412,1
10413,1
3222,1
6365,1
8047,1
2727,1
4793,1
1437,1
5551,1
989,1
9324,0
8870,1
1666,0
9007,1
5746,1
1447,0
9876,1
7706,0
6961,1
3956,1
1205,1
4150,0
5187,1
10613,1
10675,1
4925,1
1757,1
8429,1
3934,1
10725,1
10081,1
10437,0
8560,0
10940,1
7821,1
1863,1
6502,0
10352,1
1375,1
10578,1
10019,1
4165,1
6658,0
2652,1
7839,1
754,1
1400,1
6833,1
1323,1
4976,1
367,0
4346,0
7336,1
1907,1
6068,1
8062,1
2670,1
500,1
1257,0
2651,1
7807,1
9338,0
7682,0
69,1
3393,1
7389,1
8277,0
3876,1
10523,0
4659,0
7997,1
5445,0
4704,1
4466,0
2503,1
5738,1
3594,1
9500,1
9390,0
146,0
3845,1
8244,0
9430,1
364,0
156,1
9985,1
4419,1
7523,1
10167,1
3358,1
7252,1
6943,1
3201,1
10373,0
2100,0
6801,1
204,1
8645,1
10706,0
8171,1
10050,1
818,1
4936,1
1174,1
1393,1
5559,1
4988,1
6800,1
4344,1
5802,1
982,1
5149,1
4405,0
10356,1
1826,1
4963,1
5586,1
2148,1
6496,0
5665,1
3436,1
7057,1
3213,0
10643,1
6464,1
9076,1
5547,1
1534,0
6213,0
747,1
10780,1
11104,1
4566,1
2787,1
565,1
2945,0
6367,1
1126,1
7295,1
7694,1
5065,1
7361,1
2887,1
1096,1
7102,1
6175,0
10058,1
8226,0
6976,1
7470,0
10901,1
8500,0
920,1
4238,0
10112,1
2326,0
7687,1
4997,1
2427,0
6739,1
1591,1
791,1
10902,1
4124,0
7628,1
1950,1
9629,1
9643,1
6797,1
1242,1
7402,1
6536,1
9378,0
5488,1
5109,1
1853,1
850,1
3648,1
6246,0
10218,1
5477,1
7504,1
7128,1
7455,0
886,1
3554,1
7205,1
6571,0
203,1
7148,1
8794,1
1638,1
8792,1
1901,1
8803,1
65,0
10910,1
7334,1
10912,1
2014,1
1696,1
320,1
5435,0
2796,1
2123,0
5691,1
2926,1
10037,1
9941,1
2432,1
1646,0
2778,1
8122,1
2660,0
7551,1
4396,0
5410,1
5124,0
9293,1
8093,1
10951,0
2354,1
1354,0
6994,1
9615,1
4097,0
6626,0
10976,1
223,0
8629,1
4399,0
10511,1
1650,0
6509,1
619,1
1974,0
700,1
5141,1
1823,1
8085,1
6606,1
5464,0
7718,1
7379,1
9691,1
8228,1
927,1
4488,1
5068,1
1113,1
2062,1
2890,1
6122,1
1972,0
1906,1
6785,1
9964,1
288,0
10310,1
2353,1
7349,1
433,0
8099,1
2728,1
6599,1
4168,1
100,0
7026,1
3905,1
8143,1
1385,0
767,1
9997,1
2554,0
7421,0
5646,1
9765,1
10011,1
956,1
5127,1
10797,1
7011,1
8100,1
2194,1
6804,1
1481,0
7912,1
10646,1
3664,1
5809,0
1717,0
8018,1
4643,1
71,0
4227,1
3526,0
117,0
8939,1
7492,1
2200,0
4326,1
1339,1
425,0
2773,1
9341,0
1763,1
10185,1
8873,1
6281,0
10810,1
6110,1
6162,0
1303,1
8527,0
660,1
2777,1
5673,1
8942,1
5043,1
8061,1
9339,1
1135,0
9544,1
7441,1
1108,1
2724,1
2480,0
4023,0
7571,0
8518,0
10722,0
2492,1
5711,1
3566,1
8245,1
10360,1
5574,0
4720,1
1316,1
592,1
10471,0
8231,1
10119,1
10221,1
9412,1
1161,1
4343,0
4999,0
3577,1
7863,1
8207,0
1018,1
11113,1
4065,0
4702,1
10046,1
11035,1
10238,1
2975,0
6287,0
6928,0
10020,1
1309,1
1485,0
10133,1
5027,1
1084,1
6973,0
10139,1
736,1
10815,1
3068,1
2184,1
1601,1
7961,1
2366,0
188,0
900,1
6123,1
6631,1
5863,1
8620,1
7667,1
2609,0
7100,1
6164,1
6148,0
4044,0
6806,1
196,1
279,1
4514,0
1162,1
6723,1
4108,0
3765,1
6098,1
10134,1
271,0
4035,0
2937,1
11065,1
6879,0
9774,1
10762,1
697,1
7921,1
7457,0
3655,1
4038,0
1908,1
1236,1
5634,1
1839,1
4386,1
3650,1
3456,1
1258,0
180,1
8156,0
8774,1
6307,1
9611,1
3401,1
7036,1
9334,0
9870,0
9166,1
9775,1
3434,1
6100,1
331,0
1128,1
4926,1
3873,1
4232,1
7499,0
2240,1
1088,1
9368,1
3140,0
4225,0
9336,1
9584,1
6683,1
164,1
10958,1
2682,1
5576,1
5363,1
7796,1
10534,1
10270,1
6540,1
1705,1
6603,1
525,1
5026,1
2494,1
10321,1
2549,0
10298,1
2209,0
4329,0
4283,0
106,1
5134,1
2466,0
7507,0
4064,1
4311,1
3223,1
4824,1
8783,1
613,1
6826,1
1609,1
2732,1
5762,1
7833,1
302,0
4832,1
11045,1
664,1
10235,1
9366,1
7187,0
2806,1
6410,1
4631,1
3283,1
315,1
11024,1
4478,0
1425,1
4759,1
1050,0
10599,1
10434,1
5540,1
10110,1
10768,1
4597,1
8194,1
8123,1
6221,0
7120,1
4390,1
2799,1
5265,0
1756,1
9379,1
5632,0
10007,1
169,0
5910,0
626,1
10247,1
5186,1
829,1
8630,1
8714,1
5956,1
9287,1
615,1
7278,1
6104,0
3990,0
7228,1
3980,1
1239,1
7362,1
3942,1
10878,1
3679,0
7086,1
5636,1
4538,1
286,1
5386,1
5983,1
6492,0
3273,1
6202,1
8822,1
2936,1
7748,0
1078,0
6447,1
597,1
3363,1
4943,1
9823,1
9174,1
10659,1
7508,0
7137,1
1364,1
9447,1
1235,1
672,1
2009,1
4522,1
6843,1
4371,1
8605,1
6771,1
4160,1
2575,1
10368,1
5434,0
9773,1
3973,0
1325,1
7139,1
10355,1
7300,1
3732,0
3777,1
11052,1
10565,1
387,1
7598,1
2790,1
2150,0
2273,0
10531,1
10868,1
8049,1
2536,1
1865,1
2394,1
8512,0
4271,1
1389,1
10757,0
6890,1
10456,1
5975,1
1742,1
10710,1
2287,0
7616,0
7227,1
8492,1
4696,1
4700,1
8147,1
10946,0
2259,0
8931,1
8483,1
7948,1
3031,1
6417,1
9201,1
5276,0
1803,1
2730,1
5063,1
3790,1
9700,1
3971,0
3713,0
6182,0
10252,1
3361,1
4014,0
10796,1
1800,1
1558,0
9752,1
8635,1
1404,0
1564,1
2104,1
3276,1
14,1
3837,1
195,1
7613,1
3931,1
6655,1
6847,1
3559,0
6371,1
5906,1
6851,1
10513,1
4861,1
10281,0
11109,0
6878,0
3199,1
811,1
10123,1
8007,1
6310,0
8828,1
2191,1
844,1
10174,1
10641,1
10587,1
9396,1
7773,1
3209,1
6012,1
9890,1
5400,1
219,0
7627,1
404,0
4004,0
6661,0
5755,1
4301,0
4979,1
2092,0
7769,0
7581,1
4251,0
1338,1
8564,0
9704,1
5642,1
3482,1
5151,1
8170,1
10223,1
4885,1
7860,1
10208,1
7797,1
1167,1
9708,1
402,1
973,1
493,1
10767,1
5443,0
6905,0
4670,1
4069,1
2046,1
2485,0
10877,1
6535,1
5296,0
11130,1
1721,1
1101,0
398,0
10306,1
2973,0
8686,1
2605,0
7919,1
1106,1
9979,1
9880,1
2138,1
9323,1
9363,1
7366,1
1468,0
6680,0
5657,1
7877,1
4467,1
5805,1
1698,1
2526,1
9376,1
0,1
5880,1
4723,1
7488,1
2212,0
1165,1
4207,0
6926,0
4159,1
7823,1
2591,1
9736,1
6049,1
322,1
253,1
4953,1
114,0
1771,1
9503,1
2950,0
4750,1
1289,1
6768,1
2035,1
5902,1
7752,1
969,1
7866,1
4952,1
6127,0
3687,0
10426,1
2914,1
6560,1
8193,1
9239,0
658,1
3607,1
7686,1
8528,0
3864,1
10070,1
7293,1
10822,1
8408,1
8874,1
1195,1
1625,1
7338,1
8915,1
10104,1
7779,0
4255,0
4222,1
11072,0
5253,1
8557,0
7771,1
10536,1
4541,1
5571,1
955,1
9787,1
9124,1
11080,1
5091,1
7534,1
1448,1
7110,1
7487,1
6469,1
5374,1
10004,1
4507,1
7491,0
503,0
1482,1
7344,1
4752,1
9022,1
5804,1
1336,1
1872,1
1214,1
3571,1
10602,1
2521,1
4933,1
9268,1
7369,1
8685,1
243,1
370,0
6181,0
4950,1
10718,1
6856,1
1002,1
154,0
8552,0
947,1
5981,0
4449,1
380,0
4808,1
5826,0
3403,1
7980,0
8592,1
8405,1
6654,1
9432,1
6982,1
9824,1
9490,1
5735,1
1770,1
10761,1
3185,1
2785,1
5884,1
3225,1
3211,1
6060,0
4190,0
2567,1
6436,1
8988,1
175,0
4531,0
8573,1
2224,0
11141,0
1616,1
7155,1
10271,1
10451,1
6065,0
7171,1
9173,0
8563,0
2082,0
11107,1
2190,0
10230,1
2631,1
4896,1
6523,1
7554,0
3011,1
10508,0
23,1
8970,1
2327,0
862,1
5133,1
7230,1
8,1
5452,1
6917,1
7305,1
6689,1
414,1
501,1
148,1
946,1
2847,1
7384,0
2558,0
3166,1
9340,1
3512,1
1900,1
70,0
8889,1
1635,0
5820,0
7698,0
584,1
34,0
9493,1
7956,1
5044,1
4831,0
7476,1
457,1
9312,1
6625,1
1902,0
4713,1
8201,1
2985,1
3152,1
1644,1
9578,1
8480,0
1559,0
5921,0
2960,0
10657,0
10941,0
9178,1
6529,1
8814,1
7206,1
10404,1
10584,1
6819,1
8132,1
1270,0
5439,1
1302,1
10600,1
5947,1
3764,1
5111,1
3187,1
9258,1
7318,1
8290,1
9510,1
1502,0
733,1
10903,1
4206,1
10786,1
10622,1
6732,1
8571,0
8877,1
7414,1
7218,1
2929,0
10967,0
7990,1
3375,0
8028,1
9958,1
440,1
6419,1
9550,1
2935,0
5819,1
7928,1
7340,1
451,1
7119,1
3110,1
3472,1
4077,0
7330,1
4739,1
1810,1
5343,0
10491,1
2437,1
248,1
5845,0
11140,0
8743,1
5348,0
6429,1
7480,1
2676,1
8042,1
8225,0
4410,1
3086,1
4795,1
4510,1
30,1
9660,1
5087,1
2577,0
4981,1
4622,1
7154,1
2924,1
4144,0
2713,0
10785,1
11003,1
10003,1
7247,1
4753,1
4005,0
10244,1
612,1
5985,1
4867,1
1360,0
950,1
5334,1
2963,0
7609,1
8770,1
524,1
1494,0
8309,0
11041,1
8096,1
3415,1
8333,1
5203,1
9380,1
80,0
6458,1
8431,1
3700,0
16,1
4456,1
2076,1
10849,1
1047,1
3281,1
5503,0
6650,1
2562,0
7617,1
9955,1
3659,1
5293,0
991,1
7859,1
8448,1
4128,1
765,1
3820,0
3989,1
3543,1
7783,0
7813,1
4203,1
2091,0
5745,1
7360,1
2707,1
9278,1
287,0
6485,1
2650,1
471,1
2892,1
9149,1
7392,0
4366,0
4498,0
1252,1
10731,1
2187,1
3064,1
6719,1
1561,1
8694,1
5022,1
1000,1
9664,1
1715,0
5147,1
3348,1
5663,1
7543,1
992,1
6057,1
7430,1
8154,1
715,1
5763,1
250,1
5631,1
7653,1
7453,0
9833,1
9157,1
2430,0
3056,0
4007,1
8427,1
7027,1
6095,0
5553,1
10823,1
4863,0
8922,1
3344,1
9116,1
1663,0
2685,0
5367,0
901,1
5474,1
5737,1
6381,0
10421,1
9250,1
1241,1
3815,0
7619,1
4916,1
1693,1
4157,1
949,1
5420,1
3914,1
9335,1
5403,1
3414,1
5964,1
516,0
4506,1
9018,1
2624,0
2180,0
9767,1
4678,1
840,1
7183,1
2592,1
4893,0
3263,1
9122,1
413,1
6224,0
5788,1
9186,1
9830,1
2723,0
4800,1
9901,1
4536,1
3402,1
11124,1
9241,1
2105,0
6672,1
8238,1
7415,1
3966,1
9850,1
9225,1
2124,1
2833,0
4493,1
3224,1
9735,1
7125,1
1592,0
1903,1
7932,1
10442,1
9968,1
3105,1
2396,0
2793,1
3950,1
7775,1
5715,1
678,1
10933,1
5397,1
7503,1
5196,1
9254,1
4990,1
10154,1
1176,1
6304,0
5221,1
9424,1
3913,1
9318,0
7306,1
9449,1
4304,0
3218,0
10145,1
7957,1
685,1
8864,1
5112,1
10603,1
7445,1
1055,1
98,1
8394,1
9425,1
1725,1
2237,1
9153,0
9063,1
7192,0
1277,1
3906,1
4504,0
8451,1
5675,1
10656,1
7080,1
7030,1
4533,1
10078,1
1936,1
9426,1
6630,1
2695,1
9666,1
206,0
8825,1
10954,0
10705,1
2692,1
8017,1
10558,1
7969,1
4424,1
6345,1
10027,1
7114,1
5969,0
397,0
4091,0
5414,1
9428,1
5357,0
5918,1
922,1
3398,1
4743,1
6348,0
8795,1
2706,1
10224,1
8929,1
9375,0
7372,0
6751,1
1917,1
3331,0
2539,0
9485,1
568,1
8423,1
5195,1
10241,1
876,1
2300,1
4745,0
5218,1
5336,1
2264,1
10024,1
8763,1
7724,0
1516,0
4062,1
5163,1
8660,1
8057,1
187,0
3212,1
6810,1
7561,1
1370,1
8606,1
7429,1
3943,1
5059,1
11134,1
10526,1
6712,1
2696,1
3214,1
4637,1
3851,0
6772,1
1581,1
1033,0
6530,1
3957,1
6158,0
1523,0
2090,1
608,1
2809,0
7181,1
11084,1
2619,1
6547,0
7261,1
7614,1
9898,1
4142,1
3799,1
390,1
5852,1
8785,1
8840,1
7910,1
6282,0
3092,1
2830,1
1263,1
1744,1
2775,1
7940,0
8804,1
8861,1
10114,1
9517,1
5987,0
10606,1
8600,1
8533,0
5346,1
5839,1
4897,0
4672,0
7645,1
3458,1
9299,1
6766,1
210,1
9802,1
9440,1
8110,1
907,1
9831,1
9233,1
10358,1
4452,0
6108,1
3999,0
1407,1
5021,0
1519,1
5101,1
5989,0
3726,1
7327,1
4429,1
1968,1
7610,1
2737,1
1122,1
4592,0
9838,0
10251,1
1958,1
873,1
10920,1
3120,1
6044,1
10855,0
4776,1
1159,1
1059,1
6260,1
285,1
10120,1
61,0
998,1
8224,1
485,0
11122,1
7900,0
9781,1
10562,1
4620,1
10738,1
7400,1
6939,0
6355,1
3859,1
2743,1
5449,0
570,1
8232,0
2249,0
10254,1
6489,0
4196,0
4143,0
5754,1
3306,1
2468,1
514,1
10747,1
1808,1
10693,1
10935,1
7456,1
2449,0
5516,1
6023,1
7493,0
6467,1
1262,1
10684,1
5971,1
1077,1
1655,1
2981,0
9788,1
5829,1
6711,1
1576,0
3902,1
5467,0
5837,1
7566,1
2311,0
8396,1
1449,0
6500,0
1107,1
778,1
2736,1
8542,0
5328,1
6555,1
3968,1
5025,1
4477,0
9848,0
3106,1
3935,1
1380,0
10876,0
8807,1
9922,1
5613,1
6400,1
3203,0
6876,1
2302,1
8735,1
9091,1
6128,0
62,1
3466,1
1185,1
3125,1
8656,1
5980,1
8504,1
7597,1
2267,0
2754,1
5704,1
1531,0
540,1
10772,1
3270,1
7355,1
10792,1
8506,0
2579,1
6586,1
5246,1
8553,1
10216,1
9212,1
7824,1
7580,1
1094,0
10543,1
6029,1
6570,0
7198,1
2289,0
5875,0
8641,0
7874,1
854,1
2930,1
4888,1
6482,1
8664,1
10633,1
7124,1
6573,0
9689,0
1816,1
1229,1
9415,1
11078,1
3811,1
25,1
3959,1
11068,0
9813,0
9572,1
5242,0
7090,0
197,1
7871,0
6069,1
41,0
151,1
488,0
4280,0
10853,0
7601,1
10118,1
3342,0
10528,1
630,1
8428,1
6572,1
2155,1
4714,0
8306,1
9421,1
5938,1
3451,1
2257,0
6720,1
7971,1
10530,1
1645,1
1988,1
7798,1
9200,1
10313,1
728,1
9474,1
7439,1
9641,1
7657,1
5413,1
6622,1
3504,1
10890,0
8888,0
7624,1
9654,1
6478,1
3447,1
3591,1
621,1
10428,0
3163,1
9962,1
712,1
6285,0
8385,1
10872,1
2528,1
763,1
5927,1
7299,1
1871,1
7280,1
112,1
1574,1
6980,1
6320,1
8176,1
2391,0
8052,1
6869,1
2911,1
1767,1
6198,0
6990,1
5873,0
185,1
4308,0
5490,1
3918,1
9041,1
1140,1
4040,0
8058,1
4577,1
9297,1
9934,1
9291,1
4300,0
6203,0
9716,1
2854,1
10423,1
5473,1
107,0
7832,1
317,0
10322,1
5482,0
7841,1
176,0
9847,1
308,1
8991,1
8223,0
3430,1
7729,0
1798,1
2422,0
10458,1
2714,0
4591,1
9351,1
8138,1
4746,0
3397,1
4693,1
9136,1
2952,0
10195,1
4148,1
6126,1
6958,1
8865,1
4066,0
7513,0
8259,1
4266,1
4171,0
10592,1
4975,0
7275,1
1869,1
9984,1
37,0
9627,1
5489,0
4993,1
1189,1
1438,1
10412,1
8169,0
8562,0
10447,1
6755,1
9271,1
6575,0
1648,0
9655,1
10666,0
9963,0
3490,1
7736,0
88,1
5838,1
4694,1
4520,1
986,1
3592,1
7412,0
9543,1
2165,0
3394,1
3355,1
6235,0
9688,1
7224,1
5371,1
7045,1
7951,1
5807,1
2761,1
1194,1
7988,1
5564,1
7233,1
5204,1
4769,1
2748,0
8938,1
2939,0
1287,1
8933,1
9197,1
5842,1
5532,1
9912,1
2840,1
5660,0
8881,1
698,1
9362,1
3005,1
327,1
743,1
8539,0
3993,0
1918,0
1238,1
2351,1
9956,1
8841,1
4239,1
7704,1
7135,1
5483,0
4253,1
7428,0
975,1
5527,1
7082,1
8033,1
7081,1
1421,0
6020,1
5881,1
6051,0
6258,0
52,1
5105,1
10879,1
10927,1
1587,1
9657,1
7652,1
7590,1
999,1
10971,0
7287,1
5384,1
7929,1
391,0
4770,1
3786,1
5303,1
8087,1
10492,1
9247,1
5674,0
6899,0
7037,1
1719,1
7235,1
8610,1
1858,1
8293,1
6394,1
6265,0
2139,1
8871,1
9943,1
10044,1
10035,1
2679,1
8090,1
2102,0
6781,1
977,1
1620,1
821,1
5210,1
1626,0
4921,1
2496,0
653,1
4056,0
1470,0
9210,1
5781,0
4349,0
8978,1
1358,1
5968,1
4087,1
486,0
438,0
953,1
2560,1
5589,1
9073,1
7989,1
2078,0
559,1
1199,1
372,0
5344,0
8659,1
1286,0
5438,1
3681,0
7065,1
10052,1
9102,1
1440,1
9769,1
904,1
9381,0
7887,1
2001,1
8036,1
3711,1
9275,1
6039,1
8597,1
2563,1
7709,0
8815,1
771,1
3271,1
10342,1
8190,0
5032,1
8847,1
7240,1
8127,0
706,1
1459,0
1636,1
7058,1
3150,0
4113,1
6340,1
2434,1
9477,1
6830,1
3958,1
7132,1
4438,1
6955,0
8948,1
9602,1
2305,1
9965,1
10354,1
6332,0
2331,1
6580,0
6222,0
4655,0
2825,1
5421,1
10438,1
6698,0
7015,0
74,0
8983,1
8115,1
1506,0
6507,1
3527,1
93,1
2616,0
11101,1
9052,1
9279,1
6186,1
9976,1
7088,1
6566,0
10894,1
6166,0
7942,1
1,0
1704,1
3365,1
8733,1
5177,1
1079,1
10213,1
4841,1
948,1
8010,1
2934,1
8488,1
661,1
325,1
4089,1
10964,1
10470,1
9484,1
2408,0
10843,0
7728,0
9146,1
8499,1
304,0
1778,1
2405,1
4375,1
3849,1
5380,1
2738,1
5209,1
6,1
6792,1
10113,1
1852,1
10638,1
2545,0
6857,1
268,0
7133,1
10998,1
119,0
7525,1
4146,0
10730,0
4806,1
6093,0
2795,1
3530,1
10009,1
834,1
9402,1
3445,1
4877,1
2174,0
9357,1
7313,1
1521,0
8911,1
808,1
6078,1
737,1
9133,1
2233,0
7516,1
8319,1
8243,0
8469,1
4641,1
5284,1
2941,1
10835,1
5847,1
1912,1
10383,1
9900,1
1832,1
4228,0
5088,1
5255,0
6633,1
7993,1
10623,1
2382,1
10440,1
5815,1
9676,1
199,0
9835,1
1155,0
1063,1
7194,1
5231,1
395,1
2823,1
4487,1
7483,0
11046,0
6837,1
532,1
770,1
5290,0
8037,1
6245,1
3770,1
691,1
448,1
7413,0
10478,1
5524,1
6019,0
541,1
9117,1
10053,1
5479,1
11090,0
4317,1
6942,0
7273,1
5868,0
9289,1
6350,0
7486,1
9671,1
4709,1
1208,1
6361,1
3933,1
2931,1
10180,1
8239,0
3204,1
83,0
8449,1
9679,1
479,0
7311,1
2899,1
3118,1
4509,0
181,0
4731,1
10454,0
8827,1
9478,1
3737,1
3072,1
5498,1
7654,0
4181,0
4431,0
3699,0
6306,1
9720,1
5753,1
813,1
4665,1
929,1
3435,1
411,0
2265,1
3238,1
8374,1
4205,0
3629,1
7043,1
6549,0
4853,1
9492,1
10065,1
7854,1
1833,1
8261,0
7941,1
8287,1
7612,1
3346,0
10889,1
6094,0
1674,1
648,1
4703,1
2178,1
6971,1
8702,1
1403,1
3670,1
6471,1
3772,1
9993,1
1426,1
7743,1
10069,1
8666,1
823,1
5864,1
3898,1
3048,0
1880,1
3792,0
10273,1
3432,0
8849,1
5297,1
6229,1
2861,1
6242,0
4826,1
68,0
8006,1
7586,0
6227,1
9614,1
8808,1
4801,1
2686,1
3761,1
5883,0
10634,0
4527,1
2452,0
6852,1
159,1
5752,1
1947,1
4604,1
3617,1
1590,1
4223,1
3168,0
5623,0
4325,1
1412,1
729,1
780,1
7083,1
8260,0
10670,1
4741,1
328,0
963,1
145,1
3500,1
2525,0
58,1
4899,1
9065,1
6815,1
7978,1
492,1
8894,1
1085,1
6241,0
1318,1
3350,0
3029,1
7952,1
9507,1
5176,1
10829,0
4050,1
872,1
3743,1
5017,1
5192,1
2016,0
7337,1
9086,1
6321,0
3360,1
10319,1
1660,1
8153,1
9808,1
9519,0
4082,0
5949,1
7060,1
2308,0
9019,1
3899,1
9725,1
6066,1
4172,0
9419,1
1896,1
10917,1
701,1
7038,1
4394,1
9224,1
7678,1
1032,1
8298,1
3923,1
3972,0
1300,1
7446,1
10466,1
2815,1
7200,1
5331,1
171,0
8376,1
5318,0
5517,1
10985,1
857,1
6379,1
3995,0
6090,0
6414,1
7524,0
1549,1
10880,1
5431,1
5890,1
738,1
7689,1
1588,1
7594,1
56,0
7050,1
4185,0
839,1
2702,1
1754,1
460,1
3412,1
8943,1
3787,1
2475,0
3749,0
10848,1
10093,1
3315,0
6993,1
4651,0
5039,1
8315,1
2424,1
6087,0
4610,1
688,1
6987,1
1675,1
9077,1
5984,0
4788,0
5741,0
5776,1
2127,1
4819,0
858,1
10253,1
3621,0
9789,1
6824,1
10644,1
6074,1
7089,1
1282,1
10472,0
5454,0
6032,1
10057,1
10266,1
3446,1
10475,0
6477,1
8129,0
3167,1
3366,1
9568,1
8489,1
8336,0
2362,1
326,0
4648,1
6219,0
4272,1
6992,1
10398,0
576,1
1991,1
2538,0
10741,0
6085,0
36,0
7818,1
5110,1
2279,0
8008,1
6010,1
8356,1
10068,1
5000,1
6021,0
9911,1
1432,1
3894,1
9699,1
5502,1
5427,0
6562,1
4959,1
5337,1
1315,1
5275,0
1213,1
9715,1
2566,1
1898,1
8297,1
4335,0
3938,1
7472,1
10439,1
3449,1
740,1
251,1
1254,1
5075,1
3921,1
9766,1
4447,1
9915,1
9118,1
10384,1
6550,1
3869,1
8384,1
10128,1
8603,1
2671,1
10227,1
1215,1
5609,1
9008,1
801,1
7635,1
8709,1
3868,1
11098,1
4151,1
7575,1
1957,0
602,1
2759,1
137,0
9603,1
9106,1
9350,0
5696,1
5796,1
9860,1
5049,1
2137,0
2089,0
9617,1
6024,1
9311,1
5181,1
9313,1
7180,1
7835,1
9075,1
3954,1
6829,1
9532,0
934,1
1928,1
1927,1
5393,1
2136,0
8278,1
571,1
4430,1
9665,1
6043,1
7913,1
6703,0
6030,1
6949,0
4792,0
8650,1
385,1
10374,0
878,1
9408,1
8811,1
6808,1
10791,0
2903,1
8095,1
2742,1
4376,0
1110,1
4940,1
3002,1
1127,1
5080,1
1049,1
4907,0
846,1
8772,1
2734,1
9757,1
5957,1
4680,1
3381,1
5682,1
8633,1
8184,1
2177,1
8441,1
7804,1
4529,0
6395,1
5193,1
7725,1
1773,1
6986,1
8982,1
3733,0
4973,0
9236,1
10742,0
5982,1
10991,1
6827,1
997,1
5171,1
6938,0
2997,1
529,1
5940,1
9740,1
8023,1
8839,0
6204,0
1881,1
4866,1
3692,0
10198,1
3850,1
1953,1
7141,1
4048,1
3278,1
3129,1
2661,1
3564,0
7484,0
1067,1
710,1
5238,0
8202,1
7911,1
2740,0
2455,1
7001,1
6520,1
8254,1
5285,1
9863,1
8046,1
11021,1
6309,0
8546,0
2183,0
5722,1
9454,1
9645,1
1356,1
3704,1
8410,1
4718,1
3669,1
8045,1
9737,0
11074,0
9889,1
9921,1
4809,1
1777,1
9251,1
3773,0
3021,1
3084,1
6814,1
5629,1
7592,1
6008,1
4919,1
2144,0
3362,1
5280,1
5714,1
7018,0
7101,1
8708,1
7548,1
8692,1
9593,1
239,0
345,0
7658,1
2729,1
8699,1
7320,1
2869,1
9462,1
587,1
3656,1
2618,1
9819,1
1347,1
9249,1
6736,1
864,1
7333,1
545,1
5396,1
1805,1
7096,1
7317,1
5773,0
1733,1
4191,1
8684,1
2392,0
4125,0
2882,1
8670,1
3299,1
1441,1
1243,1
4368,1
2848,0
8088,0
6632,1
7290,1
5505,0
3544,1
9811,1
6144,1
2013,1
7454,1
10422,1
2902,1
6656,1
919,0
1442,0
814,1
3467,1
7477,1
3609,1
5778,1
7528,1
7161,1
7968,1
6866,1
6016,0
1362,1
2189,0
105,1
7103,1
1353,1
311,0
4289,1
7312,1
8558,0
8452,1
7264,1
421,1
2859,1
8263,0
1689,0
10608,1
894,1
1434,0
5415,1
2032,1
3236,1
4175,1
8835,1
7405,1
11112,1
7270,1
5897,1
2393,0
5491,1
3107,1
578,1
8609,1
5791,1
627,1
8912,1
3097,0
5999,1
6870,1
4149,1
966,1
10042,1
6673,0
3071,1
6892,1
3926,1
5320,1
9483,1
2646,0
1541,1
6151,0
7193,1
3535,0
3880,1
9195,1
1843,1
10095,1
6959,1
10925,0
10999,1
4833,1
6402,1
1720,1
5485,1
9995,1
8529,0
10419,0
6234,0
4730,1
7051,1
2613,1
10726,1
7496,1
10994,1
3269,0
5702,1
5869,1
10293,1
10702,1
5076,1
10841,1
8422,1
10290,1
7417,1
7,1
10212,1
9790,1
5370,1
447,1
1579,1
2198,0
7885,1
6077,0
7255,1
5172,1
10339,1
4815,1
6790,1
4140,0
8370,1
3387,1
2750,1
5610,1
4164,0
9373,1
10420,1
9910,1
4955,1
5018,1
10350,1
9354,1
1639,1
2481,1
7481,0
7677,1
5340,1
8401,1
5232,1
3981,1
179,1
2044,1
3768,1
5212,1
5719,1
2783,1
6997,1
7542,1
9745,1
1793,1
2921,1
1430,0
5225,1
1891,1
2872,1
1985,0
4942,1
2031,1
484,0
9126,1
7104,1
10143,0
9196,0
10688,1
9698,1
9651,1
9810,1
6453,1
5426,0
7373,0
1700,1
10182,1
10269,1
8404,1
586,1
2152,1
10691,1
1876,1
2153,0
8089,1
7434,0
4563,1
9552,0
6565,0
4501,1
9792,1
6747,0
3953,1
2514,1
847,1
172,0
10105,1
10560,1
1397,0
9755,1
860,1
3796,1
7809,1
1138,1
21,0
6587,1
10329,1
1585,1
9215,1
1640,1
10229,1
9134,1
2600,1
8432,1
972,1
4126,1
8595,1
3133,1
5652,1
7843,0
594,1
984,1
10960,1
7014,0
2005,1
9127,1
8569,0
10899,0
7618,1
9637,1
6290,0
4406,1
9525,1
8561,0
1327,1
3308,1
7663,1
3651,1
4284,0
10973,1
7869,1
8324,1
5006,1
2712,1
2241,0
7844,1
3126,0
4112,0
4957,1
6906,1
964,1
3172,1
5207,1
1040,1
3881,1
798,1
6434,1
9929,1
10279,1
10332,1
3049,1
8460,1
1007,1
5967,1
6378,1
9346,1
8900,1
445,1
3556,1
6988,1
7274,1
5549,1
2944,1
7660,1
4061,0
5237,0
1631,0
8444,1
10612,1
10021,1
7175,1
8731,1
2186,1
675,1
10647,0
5720,1
6845,1
5050,1
3087,1
8206,1
4444,1
3662,1
4681,0
1627,1
160,0
6409,1
10357,1
6636,1
10590,1
713,1
132,0
454,1
8680,1
4162,1
9273,1
855,1
350,0
2293,1
5345,0
10961,1
5925,0
3000,1
2883,1
10237,1
2995,0
4189,1
9705,1
2176,0
3016,1
11053,1
10581,1
6577,0
1897,1
6199,1
10594,1
3379,1
8892,1
7354,1
8329,1
7723,0
11108,1
3112,1
8906,0
10658,0
6109,0
10267,1
8349,1
3485,1
7068,1
7022,1
10323,1
1158,1
3686,0
4992,1
3015,1
8519,0
530,1
1102,1
10980,1
3640,1
10499,1
8612,1
7602,1
6437,1
5271,0
9267,1
7062,1
8203,1
9388,1
8116,1
5794,1
3834,1
6193,0
4315,1
349,0
8066,1
4846,0
10171,1
9377,1
10448,1
654,1
9604,1
5780,1
6114,1
237,0
8701,1
9093,1
2160,0
10325,1
4442,1
3538,1
9590,1
1291,0
5468,1
8350,1
9344,1
981,1
9710,1
6143,1
10509,1
277,0
5506,0
6541,1
6816,1
7363,1
2835,1
9799,1
1825,1
9859,1
7431,0
4945,1
8805,1
2999,1
8430,1
3620,0
10909,1
941,1
3805,1
10311,1
8334,0
273,1
3780,1
6303,1
10782,1
6393,1
10679,1
1889,1
6956,1
9521,1
7862,1
5911,1
191,0
7772,0
6497,0
9798,1
8891,0
5893,1
3221,0
7730,1
6089,1
1170,1
7735,1
3382,1
2218,1
5057,1
7766,1
6209,0
1276,1
9443,1
8862,1
3808,0
5643,1
10692,0
5353,0
8901,1
5779,1
10001,1
8165,1
8744,1
7071,1
2058,1
6231,0
769,1
1414,0
11004,1
